expiry,strike,last_price,bid,ask,impl_vol,delta,gamma,open_interest,volume,option_type
2026-04-13,500.0,179.74,178.97,181.74,3.0303,,,1.0,1.0,call
2026-04-13,530.0,128.18,149.13,151.92,2.6055,,,7.0,,call
2026-04-13,540.0,140.19,139.1,141.9,2.4287,,,1.0,1.0,call
2026-04-13,550.0,125.76,129.13,131.92,2.2744,,,3.0,1.0,call
2026-04-13,560.0,94.5,119.12,121.86,2.0991,,,2.0,2.0,call
2026-04-13,585.0,69.93,94.12,96.71,1.6753,,,4.0,4.0,call
2026-04-13,590.0,65.33,88.98,91.73,1.5776,,,2.0,2.0,call
2026-04-13,595.0,84.79,83.62,86.3,1.3564,,,12.0,12.0,call
2026-04-13,600.0,72.69,79.98,80.48,1.3828,,,22.0,2.0,call
2026-04-13,601.0,74.4,79.07,79.16,1.3286,,,1.0,1.0,call
2026-04-13,604.0,53.58,76.36,76.94,1.4404,,,6.0,,call
2026-04-13,605.0,75.57,74.69,75.48,1.2588,,,3.0,4.0,call
2026-04-13,608.0,71.7,72.47,72.55,1.3403,,,1.0,2.0,call
2026-04-13,609.0,68.21,71.46,71.55,1.3232,,,1.0,12.0,call
2026-04-13,610.0,67.61,70.46,70.55,1.3071,,,1.0,1.0,call
2026-04-13,611.0,66.71,69.17,69.26,1.2109,,,1.0,1.0,call
2026-04-13,612.0,67.15,68.46,68.55,1.2754,,,1.0,60.0,call
2026-04-13,613.0,66.7,66.84,66.94,1.0703,,,1.0,10.0,call
2026-04-13,615.0,63.71,65.47,65.56,1.2305,,,4.0,29.0,call
2026-04-13,620.0,57.39,60.46,60.54,1.147,,,20.0,4.0,call
2026-04-13,621.0,56.65,59.47,59.55,1.1333,,,17.0,3.0,call
2026-04-13,622.0,57.16,58.47,58.55,1.1177,,,2.0,,call
2026-04-13,623.0,54.74,57.46,57.55,1.1003,,,0.0,1.0,call
2026-04-13,624.0,55.95,56.47,56.56,1.0864,,,239.0,101.0,call
2026-04-13,625.0,53.81,55.45,55.54,1.0659,,,52.0,1.0,call
2026-04-13,627.0,53.83,52.85,52.94,0.873,,,5.0,1.0,call
2026-04-13,628.0,51.96,52.47,52.55,1.0215,,,181.0,1.0,call
2026-04-13,629.0,48.74,50.95,51.05,0.8779,,,7.0,1.0,call
2026-04-13,630.0,49.04,50.47,50.56,0.9902,,,214.0,4.0,call
2026-04-13,631.0,48.04,49.47,49.55,0.9731,,,6.0,19.0,call
2026-04-13,632.0,48.16,48.47,48.56,0.958,,,43.0,20.0,call
2026-04-13,633.0,47.01,46.85,46.94,0.7876,,,8.0,15.0,call
2026-04-13,634.0,46.01,46.47,46.55,0.9243,,,87.0,20.0,call
2026-04-13,635.0,43.33,45.48,45.56,0.9102,,,347.0,2.0,call
2026-04-13,636.0,43.69,44.47,44.55,0.8921,,,42.0,15.0,call
2026-04-13,637.0,40.21,43.45,43.54,0.8728,,,27.0,1.0,call
2026-04-13,638.0,38.86,42.47,42.55,0.8594,,,62.0,10.0,call
2026-04-13,639.0,40.01,40.92,41.02,0.7227,,,121.0,4.0,call
2026-04-13,640.0,39.82,40.22,40.3,0.7764,,,359.0,27.0,call
2026-04-13,641.0,38.35,39.45,39.53,0.8066,,,171.0,14.0,call
2026-04-13,642.0,36.74,38.47,38.56,0.7947,,,58.0,10.0,call
2026-04-13,643.0,36.44,37.23,37.29,0.729,,,108.0,6.0,call
2026-04-13,644.0,35.83,36.47,36.56,0.7617,,,102.0,152.0,call
2026-04-13,645.0,34.83,35.48,35.56,0.7461,,,256.0,47.0,call
2026-04-13,646.0,33.6,34.48,34.55,0.7285,,,56.0,1.0,call
2026-04-13,647.0,32.86,33.08,33.17,0.6382,,,132.0,18.0,call
2026-04-13,648.0,29.02,32.16,32.25,0.6387,,,116.0,4.0,call
2026-04-13,649.0,30.53,31.48,31.56,0.679,,,231.0,13.0,call
2026-04-13,650.0,30.42,30.23,30.32,0.6199,,,752.0,27.0,call
2026-04-13,651.0,29.08,29.48,29.56,0.645,,,302.0,9.0,call
2026-04-13,652.0,27.86,28.46,28.54,0.625,,,203.0,54.0,call
2026-04-13,653.0,26.87,27.48,27.56,0.6111,,,318.0,46.0,call
2026-04-13,654.0,25.82,26.47,26.55,0.5923,,,210.0,17.0,call
2026-04-13,655.0,24.82,25.49,25.57,0.5781,,,1045.0,63.0,call
2026-04-13,656.0,21.93,24.19,24.28,0.5147,,,503.0,9.0,call
2026-04-13,657.0,22.68,23.42,23.51,0.5337,,,1031.0,95.0,call
2026-04-13,658.0,22.17,21.88,21.97,0.4351,,,1288.0,102.0,call
2026-04-13,659.0,20.64,21.49,21.58,0.5085,,,737.0,61.0,call
2026-04-13,660.0,19.56,20.49,20.57,0.4956,,,2426.0,86.0,call
2026-04-13,661.0,18.47,19.02,19.12,0.4128,,,876.0,33.0,call
2026-04-13,662.0,18.19,17.96,18.05,0.385,,,982.0,13.0,call
2026-04-13,663.0,16.9,17.48,17.57,0.4409,,,1033.0,43.0,call
2026-04-13,664.0,16.6,16.41,16.49,0.4126,,,997.0,149.0,call
2026-04-13,665.0,15.4,15.3,15.39,0.3816,,,4859.0,222.0,call
2026-04-13,666.0,14.62,13.79,13.89,0.2932,,,845.0,47.0,call
2026-04-13,667.0,13.68,13.5,13.58,0.3669,,,1262.0,466.0,call
2026-04-13,668.0,12.06,12.53,12.62,0.3518,,,869.0,1344.0,call
2026-04-13,669.0,11.26,11.09,11.16,0.2798,,,1118.0,2319.0,call
2026-04-13,670.0,10.4,10.55,10.63,0.313,,,3591.0,4819.0,call
2026-04-13,671.0,9.43,9.4,9.5,0.2793,,,749.0,4231.0,call
2026-04-13,672.0,8.48,7.96,8.06,0.2124,,,969.0,3443.0,call
2026-04-13,673.0,7.54,7.36,7.44,0.2321,,,955.0,3000.0,call
2026-04-13,674.0,6.67,6.08,6.13,0.1809,,,2107.0,5038.0,call
2026-04-13,675.0,5.15,5.14,5.15,0.1621,,,2762.0,9861.0,call
2026-04-13,676.0,4.11,4.2,4.23,0.1477,,,4517.0,21292.0,call
2026-04-13,677.0,3.58,3.55,3.58,0.1524,,,38321.0,50923.0,call
2026-04-13,678.0,2.52,2.52,2.55,0.1234,,,2859.0,97162.0,call
2026-04-13,679.0,1.67,1.67,1.69,0.1036,,,6207.0,142672.0,call
2026-04-13,680.0,1.08,1.08,1.08,0.0951,,,14529.0,254536.0,call
2026-04-13,681.0,0.63,0.63,0.64,0.09,,,6845.0,146578.0,call
2026-04-13,682.0,0.34,0.33,0.34,0.0858,,,7623.0,138280.0,call
2026-04-13,683.0,0.18,0.17,0.19,0.0869,,,5720.0,42912.0,call
2026-04-13,684.0,0.13,0.12,0.13,0.0935,,,8321.0,26441.0,call
2026-04-13,685.0,0.09,0.09,0.1,0.1021,,,55531.0,74234.0,call
2026-04-13,686.0,0.07,0.06,0.07,0.1079,,,11447.0,22929.0,call
2026-04-13,687.0,0.06,0.06,0.07,0.1211,,,3923.0,11714.0,call
2026-04-13,688.0,0.05,0.04,0.05,0.126,,,8133.0,8272.0,call
2026-04-13,689.0,0.03,0.03,0.04,0.1338,,,13745.0,3790.0,call
2026-04-13,690.0,0.02,0.02,0.03,0.1387,,,27429.0,11965.0,call
2026-04-13,691.0,0.02,0.02,0.03,0.1504,,,2994.0,2134.0,call
2026-04-13,692.0,0.02,0.01,0.02,0.1524,,,4984.0,2570.0,call
2026-04-13,693.0,0.01,0.01,0.02,0.1621,,,3629.0,2275.0,call
2026-04-13,694.0,0.02,0.01,0.02,0.1738,,,1769.0,1195.0,call
2026-04-13,695.0,0.02,0.0,0.01,0.168,,,13923.0,2439.0,call
2026-04-13,696.0,0.01,0.0,0.01,0.1797,,,2203.0,172.0,call
2026-04-13,697.0,0.02,0.0,0.01,0.1875,,,1358.0,18.0,call
2026-04-13,698.0,0.01,0.0,0.01,0.1953,,,2505.0,37.0,call
2026-04-13,699.0,0.01,0.0,0.01,0.207,,,3943.0,57.0,call
2026-04-13,700.0,0.01,0.0,0.01,0.2149,,,4823.0,197.0,call
2026-04-13,705.0,0.01,0.0,0.01,0.2617,,,1757.0,16.0,call
2026-04-13,710.0,0.01,0.0,0.01,0.3047,,,868.0,103.0,call
2026-04-13,715.0,0.01,0.0,0.01,0.3516,,,1177.0,104.0,call
2026-04-13,720.0,0.01,0.0,0.01,0.3906,,,1961.0,49.0,call
2026-04-13,725.0,0.01,0.0,0.01,0.4375,,,135.0,1.0,call
2026-04-13,730.0,0.01,0.0,0.01,0.4766,,,767.0,1.0,call
2026-04-13,735.0,0.01,0.0,0.01,0.5156,,,323.0,359.0,call
2026-04-13,740.0,0.01,0.0,0.01,0.5313,,,2493.0,57.0,call
2026-04-13,745.0,0.01,0.0,0.01,0.5625,,,502.0,500.0,call
2026-04-13,750.0,0.01,,0.01,0.6406,,,5.0,,call
2026-04-13,755.0,0.01,,0.01,0.6719,,,1.0,,call
2026-04-13,775.0,0.01,0.0,0.01,0.7813,,,58.0,,call
2026-04-13,885.0,0.01,,0.01,1.5625,,,3.0,,call
2026-04-13,950.0,0.01,,0.01,1.9375,,,5.0,,call
2026-04-14,580.0,74.97,99.16,101.66,1.2393,,,2.0,2.0,call
2026-04-14,605.0,74.19,73.69,76.27,0.8623,,,1.0,1.0,call
2026-04-14,615.0,30.56,63.82,66.96,0.8477,,,20.0,,call
2026-04-14,616.0,37.43,63.15,65.96,0.8655,,,2.0,2.0,call
2026-04-14,617.0,39.26,62.15,65.01,0.8584,,,1.0,1.0,call
2026-04-14,620.0,60.16,60.02,60.15,0.7329,,,204.0,11.0,call
2026-04-14,621.0,59.17,57.6,60.85,0.751,,,31.0,39.0,call
2026-04-14,624.0,51.54,56.45,56.59,0.769,,,286.0,,call
2026-04-14,625.0,49.93,53.81,56.38,0.6824,,,5.0,1.0,call
2026-04-14,626.0,48.03,54.49,54.63,0.7527,,,281.0,1.0,call
2026-04-14,628.0,47.61,52.49,52.63,0.7297,,,181.0,,call
2026-04-14,629.0,51.0,50.15,52.6,0.6897,,,5.0,2.0,call
2026-04-14,630.0,50.57,49.15,52.02,0.7105,,,59.0,152.0,call
2026-04-14,631.0,27.75,48.13,51.02,0.6975,,,1.0,1.0,call
2026-04-14,632.0,46.78,46.83,50.02,0.6638,,,25.0,,call
2026-04-14,633.0,41.64,46.15,49.03,0.6765,,,2.0,,call
2026-04-14,634.0,46.51,44.83,48.03,0.6421,,,4.0,,call
2026-04-14,635.0,44.69,44.15,46.86,0.6416,,,14.0,6.0,call
2026-04-14,636.0,24.72,43.22,45.44,0.6045,,,3.0,,call
2026-04-14,637.0,43.67,42.15,44.84,0.6172,,,8.0,5.0,call
2026-04-14,638.0,38.5,41.15,43.98,0.6152,,,4.0,,call
2026-04-14,639.0,22.11,40.18,42.98,0.6055,,,5.0,1.0,call
2026-04-14,640.0,38.66,40.52,40.66,0.595,,,247.0,7.0,call
2026-04-14,641.0,38.31,37.84,41.03,0.563,,,45.0,8.0,call
2026-04-14,642.0,35.29,37.22,39.74,0.5574,,,12.0,2.0,call
2026-04-14,643.0,38.03,36.91,37.05,0.4829,,,138.0,1.0,call
2026-04-14,644.0,33.47,34.59,37.41,0.6366,,,8.0,1.0,call
2026-04-14,645.0,32.53,34.9,35.04,0.4597,,,609.0,3.0,call
2026-04-14,646.0,30.63,32.72,36.05,0.6683,,,49.0,18.0,call
2026-04-14,647.0,32.64,32.91,33.06,0.4414,,,113.0,4.0,call
2026-04-14,648.0,30.02,31.2,34.05,0.5042,,,86.0,16.0,call
2026-04-14,649.0,28.31,30.2,32.79,0.6049,,,53.0,1.0,call
2026-04-14,650.0,29.27,29.96,30.12,0.4172,,,818.0,6.0,call
2026-04-14,651.0,28.6,28.91,29.06,0.3975,,,111.0,11.0,call
2026-04-14,652.0,26.72,27.2,30.0,0.5808,,,72.0,14.0,call
2026-04-14,653.0,24.3,27.27,27.37,0.415,,,142.0,2.0,call
2026-04-14,654.0,25.91,26.08,26.21,0.384,,,468.0,24.0,call
2026-04-14,655.0,25.32,25.56,25.69,0.4252,,,1186.0,224.0,call
2026-04-14,656.0,22.98,23.92,24.07,0.3433,,,659.0,10.0,call
2026-04-14,657.0,20.36,23.45,23.59,0.3901,,,305.0,2.0,call
2026-04-14,658.0,19.18,22.33,22.46,0.3645,,,353.0,5.0,call
2026-04-14,659.0,20.42,21.58,21.71,0.3762,,,415.0,20.0,call
2026-04-14,660.0,19.94,20.13,20.25,0.3181,,,1025.0,160.0,call
2026-04-14,661.0,19.17,19.53,19.66,0.3458,,,502.0,12.0,call
2026-04-14,662.0,18.22,18.62,18.75,0.3406,,,628.0,196.0,call
2026-04-14,663.0,17.09,17.18,17.31,0.2876,,,591.0,16.0,call
2026-04-14,664.0,15.9,16.66,16.79,0.3171,,,394.0,41.0,call
2026-04-14,665.0,15.2,15.41,15.54,0.283,,,990.0,726.0,call
2026-04-14,666.0,13.67,14.73,14.85,0.2943,,,730.0,59.0,call
2026-04-14,667.0,12.25,13.75,13.88,0.2825,,,599.0,24.0,call
2026-04-14,668.0,12.04,12.24,12.37,0.2289,,,3831.0,210.0,call
2026-04-14,669.0,11.17,11.46,11.58,0.2317,,,493.0,276.0,call
2026-04-14,670.0,10.9,10.64,10.99,0.2463,,,697.0,182.0,call
2026-04-14,671.0,10.0,10.0,10.07,0.2362,,,967.0,242.0,call
2026-04-14,672.0,9.13,9.1,9.16,0.2261,,,497.0,495.0,call
2026-04-14,673.0,8.16,8.18,8.24,0.2146,,,1256.0,287.0,call
2026-04-14,674.0,7.42,7.3,7.36,0.2047,,,710.0,145.0,call
2026-04-14,675.0,6.53,6.41,6.47,0.1932,,,1954.0,1296.0,call
2026-04-14,676.0,5.2,5.04,5.1,0.1545,,,1432.0,2683.0,call
2026-04-14,677.0,4.69,4.68,4.72,0.1683,,,1157.0,9378.0,call
2026-04-14,678.0,3.65,3.51,3.55,0.1388,,,1818.0,10283.0,call
2026-04-14,679.0,3.01,2.99,3.03,0.1403,,,3213.0,17291.0,call
2026-04-14,680.0,2.23,2.22,2.24,0.1255,,,4199.0,28831.0,call
2026-04-14,681.0,1.67,1.66,1.67,0.1183,,,2716.0,15443.0,call
2026-04-14,682.0,1.27,1.27,1.29,0.1173,,,3647.0,12745.0,call
2026-04-14,683.0,0.9,0.89,0.9,0.1119,,,1748.0,7219.0,call
2026-04-14,684.0,0.68,0.67,0.68,0.1129,,,1656.0,10433.0,call
2026-04-14,685.0,0.44,0.41,0.42,0.1067,,,3289.0,6191.0,call
2026-04-14,686.0,0.27,0.26,0.28,0.1057,,,1144.0,17667.0,call
2026-04-14,687.0,0.2,0.2,0.21,0.1087,,,622.0,8644.0,call
2026-04-14,688.0,0.15,0.13,0.14,0.1087,,,1989.0,3202.0,call
2026-04-14,689.0,0.11,0.09,0.1,0.1106,,,1221.0,1472.0,call
2026-04-14,690.0,0.07,0.07,0.08,0.1148,,,6632.0,8173.0,call
2026-04-14,691.0,0.05,0.05,0.06,0.1182,,,718.0,627.0,call
2026-04-14,692.0,0.03,0.03,0.04,0.1182,,,1556.0,1862.0,call
2026-04-14,693.0,0.02,0.02,0.03,0.1211,,,956.0,728.0,call
2026-04-14,694.0,0.01,0.02,0.03,0.1289,,,1624.0,325.0,call
2026-04-14,695.0,0.01,0.01,0.02,0.1289,,,6050.0,895.0,call
2026-04-14,696.0,0.02,0.01,0.02,0.1367,,,1160.0,373.0,call
2026-04-14,697.0,0.01,0.01,0.02,0.1445,,,1179.0,19.0,call
2026-04-14,698.0,0.01,0.01,0.02,0.1504,,,571.0,754.0,call
2026-04-14,699.0,0.01,0.01,0.02,0.1582,,,1059.0,634.0,call
2026-04-14,700.0,0.01,0.01,0.02,0.1641,,,2615.0,112.0,call
2026-04-14,705.0,0.01,0.0,0.01,0.1836,,,1804.0,4.0,call
2026-04-14,710.0,0.02,0.0,0.01,0.2149,,,365.0,10.0,call
2026-04-14,715.0,0.01,0.0,0.01,0.2461,,,210.0,1.0,call
2026-04-14,720.0,0.01,0.0,0.01,0.2774,,,90.0,201.0,call
2026-04-14,725.0,0.01,0.0,0.01,0.3047,,,86.0,9.0,call
2026-04-14,730.0,0.01,,0.01,0.3359,,,198.0,,call
2026-04-14,735.0,0.01,,0.01,0.3672,,,21.0,,call
2026-04-14,740.0,0.01,,0.01,0.3906,,,12.0,,call
2026-04-14,745.0,0.01,,0.01,0.4219,,,87.0,,call
2026-04-14,750.0,0.01,,0.01,0.4453,,,1.0,,call
2026-04-14,755.0,0.01,,0.01,0.4766,,,16.0,,call
2026-04-14,760.0,0.01,,0.01,0.5,,,2.0,,call
2026-04-14,780.0,0.01,,0.01,0.6094,,,2.0,,call
2026-04-15,530.0,150.3,149.21,151.83,1.5166,,,1.0,,call
2026-04-15,560.0,93.26,119.22,122.01,1.2485,,,1.0,,call
2026-04-15,575.0,79.5,104.22,107.03,1.1084,,,4.0,4.0,call
2026-04-15,580.0,95.45,98.59,100.43,0.7529,,,22.0,1.0,call
2026-04-15,585.0,90.46,94.23,97.02,1.0142,,,1.0,,call
2026-04-15,611.0,44.65,68.26,71.05,0.7747,,,2.0,,call
2026-04-15,612.0,68.47,67.22,70.05,0.7625,,,4.0,,call
2026-04-15,620.0,60.76,59.26,62.08,0.6914,,,2.0,,call
2026-04-15,625.0,50.58,54.22,56.78,0.6233,,,1.0,1.0,call
2026-04-15,630.0,51.05,49.24,51.9,0.5848,,,1.0,1.0,call
2026-04-15,632.0,28.05,47.24,50.08,0.5759,,,3.0,,call
2026-04-15,633.0,27.2,45.9,49.06,0.5461,,,5.0,,call
2026-04-15,635.0,45.56,44.27,47.05,0.5471,,,7.0,2.0,call
2026-04-15,636.0,40.91,42.89,46.06,0.5173,,,1.0,,call
2026-04-15,637.0,37.4,42.29,45.06,0.5293,,,3.0,,call
2026-04-15,638.0,37.87,41.26,44.06,0.5181,,,16.0,,call
2026-04-15,639.0,35.78,39.79,42.61,0.5931,,,3.0,,call
2026-04-15,640.0,39.23,39.31,42.08,0.5022,,,16.0,1.0,call
2026-04-15,641.0,38.68,38.3,41.08,0.6073,,,42.0,2.0,call
2026-04-15,642.0,37.59,37.25,40.11,0.5984,,,17.0,3.0,call
2026-04-15,643.0,35.51,36.31,39.03,0.5814,,,,3.0,call
2026-04-15,644.0,37.5,35.31,38.05,0.5717,,,3.0,,call
2026-04-15,645.0,34.64,34.29,36.71,0.536,,,35.0,7.0,call
2026-04-15,646.0,33.75,33.31,35.06,0.4746,,,46.0,7.0,call
2026-04-15,647.0,29.58,32.34,35.12,0.5427,,,3.0,,call
2026-04-15,648.0,14.92,31.29,33.4,0.4802,,,9.0,9.0,call
2026-04-15,649.0,28.95,30.32,32.98,0.5105,,,9.0,3.0,call
2026-04-15,650.0,27.98,30.65,30.81,0.4126,,,195.0,1.0,call
2026-04-15,651.0,26.65,28.37,31.03,0.491,,,34.0,2.0,call
2026-04-15,652.0,26.89,27.37,28.89,0.3984,,,91.0,4.0,call
2026-04-15,653.0,26.1,27.48,27.61,0.3652,,,154.0,2.0,call
2026-04-15,654.0,24.85,26.15,26.31,0.3286,,,309.0,6.0,call
2026-04-15,655.0,25.24,25.71,25.87,0.3655,,,443.0,3.0,call
2026-04-15,656.0,21.37,24.63,24.78,0.348,,,302.0,11.0,call
2026-04-15,657.0,20.61,23.31,23.46,0.3123,,,417.0,1.0,call
2026-04-15,658.0,22.25,22.24,22.42,0.2988,,,534.0,3.0,call
2026-04-15,659.0,20.9,21.43,21.59,0.302,,,173.0,1.0,call
2026-04-15,660.0,20.05,20.82,20.97,0.3186,,,997.0,33.0,call
2026-04-15,661.0,19.38,19.85,20.01,0.3103,,,206.0,6.0,call
2026-04-15,662.0,18.11,18.24,18.38,0.2548,,,205.0,7.0,call
2026-04-15,663.0,14.98,17.43,17.6,0.2604,,,171.0,2.0,call
2026-04-15,664.0,13.98,17.0,17.15,0.2849,,,228.0,13.0,call
2026-04-15,665.0,15.69,16.05,16.21,0.2767,,,1209.0,21.0,call
2026-04-15,666.0,11.98,15.06,15.21,0.2648,,,380.0,3.0,call
2026-04-15,667.0,13.5,13.56,13.71,0.2232,,,317.0,5.0,call
2026-04-15,668.0,11.86,13.27,13.41,0.2514,,,375.0,7.0,call
2026-04-15,669.0,12.4,12.22,12.36,0.2361,,,276.0,18.0,call
2026-04-15,670.0,10.67,11.46,11.6,0.2355,,,1056.0,81.0,call
2026-04-15,671.0,9.71,10.58,10.71,0.2276,,,417.0,21.0,call
2026-04-15,672.0,9.54,9.7,9.83,0.2196,,,372.0,49.0,call
2026-04-15,673.0,8.13,8.83,8.95,0.2109,,,557.0,22.0,call
2026-04-15,674.0,7.8,7.64,7.79,0.189,,,2074.0,21.0,call
2026-04-15,675.0,7.07,6.86,6.99,0.1827,,,4736.0,1439.0,call
2026-04-15,676.0,6.47,6.3,6.4,0.1845,,,1392.0,325.0,call
2026-04-15,677.0,5.75,5.63,5.71,0.1806,,,3562.0,2116.0,call
2026-04-15,678.0,4.65,4.57,4.65,0.1602,,,955.0,2483.0,call
2026-04-15,679.0,3.89,3.9,3.96,0.1538,,,1521.0,2679.0,call
2026-04-15,680.0,3.35,3.27,3.29,0.1465,,,3395.0,4539.0,call
2026-04-15,681.0,2.93,2.8,2.82,0.1455,,,2528.0,1719.0,call
2026-04-15,682.0,2.3,2.28,2.3,0.1406,,,2264.0,1930.0,call
2026-04-15,683.0,1.84,1.78,1.79,0.1337,,,1736.0,2420.0,call
2026-04-15,684.0,1.49,1.45,1.45,0.1321,,,2023.0,1925.0,call
2026-04-15,685.0,1.14,1.13,1.15,0.1303,,,2667.0,3404.0,call
2026-04-15,686.0,0.88,0.87,0.88,0.1275,,,1064.0,1359.0,call
2026-04-15,687.0,0.65,0.61,0.62,0.1222,,,1140.0,753.0,call
2026-04-15,688.0,0.49,0.48,0.5,0.1238,,,731.0,850.0,call
2026-04-15,689.0,0.31,0.31,0.32,0.1179,,,1215.0,733.0,call
2026-04-15,690.0,0.22,0.22,0.23,0.117,,,5571.0,2481.0,call
2026-04-15,691.0,0.19,0.19,0.2,0.1213,,,393.0,182.0,call
2026-04-15,692.0,0.14,0.13,0.14,0.1201,,,1075.0,372.0,call
2026-04-15,693.0,0.11,0.09,0.1,0.1201,,,801.0,259.0,call
2026-04-15,694.0,0.08,0.07,0.08,0.1226,,,967.0,222.0,call
2026-04-15,695.0,0.06,0.05,0.06,0.1235,,,5953.0,1132.0,call
2026-04-15,696.0,0.05,0.04,0.05,0.127,,,1477.0,126.0,call
2026-04-15,697.0,0.03,0.03,0.04,0.1289,,,678.0,225.0,call
2026-04-15,698.0,0.04,0.03,0.04,0.1348,,,401.0,111.0,call
2026-04-15,699.0,0.02,0.02,0.03,0.1358,,,371.0,127.0,call
2026-04-15,700.0,0.03,0.02,0.03,0.1416,,,1566.0,581.0,call
2026-04-15,705.0,0.01,0.01,0.02,0.1621,,,957.0,61.0,call
2026-04-15,710.0,0.02,0.01,0.02,0.1895,,,419.0,349.0,call
2026-04-15,715.0,0.02,0.01,0.02,0.2168,,,144.0,7.0,call
2026-04-15,720.0,0.01,0.01,0.02,0.2422,,,188.0,2.0,call
2026-04-15,725.0,0.01,0.01,0.02,0.2695,,,243.0,3.0,call
2026-04-15,730.0,0.01,,0.01,0.2734,,,30.0,2.0,call
2026-04-15,735.0,0.01,,0.01,0.2969,,,108.0,,call
2026-04-15,740.0,0.02,,0.01,0.3203,,,101.0,,call
2026-04-15,745.0,0.01,0.0,0.01,0.3438,,,2268.0,2391.0,call
2026-04-15,755.0,0.02,0.0,0.01,0.3906,,,607.0,,call
2026-04-15,770.0,0.01,0.0,0.01,0.4531,,,1.0,1.0,call
2026-04-15,775.0,0.01,,0.01,0.4766,,,1.0,,call
2026-04-15,800.0,0.01,,0.01,0.5781,,,1.0,,call
2026-04-16,600.0,53.18,79.33,81.91,0.7485,,,1.0,1.0,call
2026-04-16,620.0,39.74,59.34,61.99,0.5923,,,1.0,2.0,call
2026-04-16,625.0,50.16,54.03,57.04,0.5374,,,3.0,5.0,call
2026-04-16,630.0,48.39,48.92,51.68,0.5974,,,3.0,1.0,call
2026-04-16,635.0,39.4,44.38,47.13,0.5831,,,29.0,4.0,call
2026-04-16,638.0,41.43,41.38,44.1,0.5526,,,3.0,,call
2026-04-16,639.0,36.4,39.92,43.22,0.5508,,,28.0,1.0,call
2026-04-16,640.0,35.41,39.42,42.2,0.5399,,,92.0,12.0,call
2026-04-16,641.0,35.27,38.4,40.92,0.5123,,,52.0,,call
2026-04-16,642.0,17.91,36.83,39.87,0.4996,,,1.0,,call
2026-04-16,643.0,35.71,35.97,38.96,0.4959,,,6.0,4.0,call
2026-04-16,644.0,37.24,35.46,37.99,0.4882,,,7.0,4.0,call
2026-04-16,645.0,34.8,35.75,35.94,0.4071,,,159.0,1.0,call
2026-04-16,646.0,34.79,33.0,35.58,0.443,,,19.0,1.0,call
2026-04-16,647.0,32.98,33.04,33.6,0.3629,,,1.0,,call
2026-04-16,648.0,31.65,32.41,34.17,0.4601,,,87.0,14.0,call
2026-04-16,649.0,16.12,30.14,32.26,0.3939,,,38.0,,call
2026-04-16,650.0,29.57,30.35,30.54,0.3326,,,208.0,7.0,call
2026-04-16,651.0,26.05,28.33,30.11,0.3655,,,45.0,,call
2026-04-16,652.0,27.2,27.52,29.22,0.3635,,,26.0,3.0,call
2026-04-16,653.0,26.93,26.11,28.23,0.3549,,,28.0,,call
2026-04-16,654.0,24.21,26.89,27.09,0.3366,,,143.0,10.0,call
2026-04-16,655.0,24.28,25.91,26.1,0.328,,,272.0,13.0,call
2026-04-16,656.0,24.22,24.95,25.14,0.3211,,,79.0,2.0,call
2026-04-16,657.0,21.63,23.99,24.18,0.3141,,,229.0,1.0,call
2026-04-16,658.0,22.28,23.03,23.22,0.3069,,,131.0,2.0,call
2026-04-16,659.0,21.36,21.6,21.79,0.2712,,,336.0,3.0,call
2026-04-16,660.0,20.14,20.69,20.88,0.2675,,,390.0,6.0,call
2026-04-16,661.0,18.23,19.67,19.87,0.2575,,,162.0,3.0,call
2026-04-16,662.0,18.45,19.23,19.42,0.2787,,,79.0,4.0,call
2026-04-16,663.0,15.67,18.17,18.36,0.2654,,,245.0,1.0,call
2026-04-16,664.0,16.67,17.38,17.56,0.2653,,,205.0,28.0,call
2026-04-16,665.0,15.68,16.38,16.57,0.2553,,,574.0,1198.0,call
2026-04-16,666.0,14.82,15.46,15.63,0.2476,,,200.0,19.0,call
2026-04-16,667.0,11.8,14.42,14.56,0.2334,,,422.0,1.0,call
2026-04-16,668.0,12.95,13.24,13.4,0.2151,,,211.0,782.0,call
2026-04-16,669.0,12.27,12.5,12.64,0.2151,,,250.0,8.0,call
2026-04-16,670.0,12.01,11.99,12.01,0.2198,,,647.0,1797.0,call
2026-04-16,671.0,10.36,10.66,10.87,0.202,,,470.0,8.0,call
2026-04-16,672.0,9.44,9.78,9.98,0.1946,,,311.0,15.0,call
2026-04-16,673.0,9.04,8.94,9.08,0.1862,,,296.0,305.0,call
2026-04-16,674.0,8.24,8.33,8.49,0.1892,,,582.0,787.0,call
2026-04-16,675.0,7.4,7.84,8.01,0.1952,,,1527.0,923.0,call
2026-04-16,676.0,6.64,6.77,6.87,0.1757,,,749.0,333.0,call
2026-04-16,677.0,6.07,6.11,6.2,0.1728,,,551.0,963.0,call
2026-04-16,678.0,5.41,5.62,5.7,0.1749,,,1136.0,407.0,call
2026-04-16,679.0,5.11,4.98,5.08,0.1716,,,881.0,1340.0,call
2026-04-16,680.0,4.28,4.16,4.2,0.158,,,1823.0,1484.0,call
2026-04-16,681.0,3.72,3.64,3.66,0.155,,,1806.0,820.0,call
2026-04-16,682.0,3.22,3.2,3.23,0.1548,,,1524.0,417.0,call
2026-04-16,683.0,2.7,2.69,2.71,0.1498,,,1425.0,1229.0,call
2026-04-16,684.0,2.24,2.22,2.25,0.1455,,,1339.0,692.0,call
2026-04-16,685.0,1.82,1.8,1.82,0.1406,,,1818.0,906.0,call
2026-04-16,686.0,1.35,1.32,1.33,0.1309,,,944.0,506.0,call
2026-04-16,687.0,1.15,1.04,1.06,0.1287,,,831.0,279.0,call
2026-04-16,688.0,0.9,0.81,0.83,0.1264,,,589.0,417.0,call
2026-04-16,689.0,0.7,0.68,0.7,0.1279,,,581.0,393.0,call
2026-04-16,690.0,0.53,0.52,0.54,0.1262,,,1764.0,1209.0,call
2026-04-16,691.0,0.41,0.4,0.41,0.1245,,,619.0,274.0,call
2026-04-16,692.0,0.31,0.3,0.31,0.1233,,,1137.0,606.0,call
2026-04-16,693.0,0.24,0.23,0.24,0.1233,,,1029.0,94.0,call
2026-04-16,694.0,0.18,0.18,0.19,0.124,,,517.0,190.0,call
2026-04-16,695.0,0.13,0.13,0.14,0.1231,,,5231.0,1657.0,call
2026-04-16,696.0,0.11,0.1,0.11,0.124,,,753.0,27.0,call
2026-04-16,697.0,0.07,0.08,0.09,0.1257,,,1749.0,123.0,call
2026-04-16,698.0,0.06,0.06,0.07,0.1265,,,235.0,1019.0,call
2026-04-16,699.0,0.05,0.05,0.06,0.1289,,,577.0,12.0,call
2026-04-16,700.0,0.05,0.04,0.05,0.1309,,,6227.0,319.0,call
2026-04-16,705.0,0.02,0.02,0.03,0.1475,,,2435.0,165.0,call
2026-04-16,710.0,0.01,0.02,0.03,0.1719,,,506.0,2.0,call
2026-04-16,715.0,0.01,0.01,0.02,0.1875,,,124.0,23.0,call
2026-04-16,720.0,0.01,0.01,0.02,0.2109,,,53.0,9.0,call
2026-04-16,725.0,0.01,0.01,0.02,0.2324,,,322.0,15.0,call
2026-04-16,730.0,0.01,0.01,0.02,0.2539,,,892.0,715.0,call
2026-04-16,735.0,0.01,0.01,0.02,0.2754,,,94.0,,call
2026-04-16,740.0,0.01,0.01,0.02,0.2969,,,2504.0,3.0,call
2026-04-16,745.0,0.01,0.0,0.01,0.2969,,,18.0,57.0,call
2026-04-16,750.0,0.02,0.0,0.01,0.3203,,,201.0,73.0,call
2026-04-16,755.0,0.02,0.0,0.01,0.3359,,,257.0,4.0,call
2026-04-16,760.0,0.02,,0.01,0.3555,,,112.0,,call
2026-04-16,765.0,0.01,,0.01,0.375,,,10.0,,call
2026-04-16,770.0,0.01,,0.01,0.3906,,,1.0,,call
2026-04-16,775.0,0.01,,0.01,0.4141,,,3.0,,call
2026-04-16,780.0,0.01,,0.01,0.4297,,,8.0,,call
2026-04-16,800.0,0.01,,0.01,0.5,,,600.0,,call
2026-04-16,935.0,0.01,,0.01,0.9219,,,6.0,,call
