date,close,log_return,rvol_21d,regime,regime_label
2021-05-12,378.6460266113281,-0.021474046664933206,0.13168973300158623,0,Low Vol
2021-05-13,383.19451904296875,0.011940940931615863,0.13851128803286686,1,High Vol
2021-05-14,389.07861328125,0.015238671027534857,0.14379097383883238,1,High Vol
2021-05-17,388.08856201171875,-0.0025478477130399875,0.14355694481042408,1,High Vol
2021-05-18,384.74493408203125,-0.008652960331173324,0.1456685509379984,1,High Vol
2021-05-19,383.7362365722656,-0.002625173205470206,0.14372602548829364,1,High Vol
2021-05-20,387.86444091796875,0.010700466850294662,0.14486634724926306,1,High Vol
2021-05-21,387.546875,-0.0008190902794541077,0.1411070225248051,1,High Vol
2021-05-24,391.49761962890625,0.010142626062536129,0.14052319943124256,1,High Vol
2021-05-25,390.6290283203125,-0.002221102344373601,0.1406166998405345,1,High Vol
2021-05-26,391.4042663574219,0.001982622213982329,0.14076619625936707,1,High Vol
2021-05-27,391.6097717285156,0.0005249085350109166,0.14076059676343836,1,High Vol
2021-05-28,392.3101806640625,0.0017869404134579097,0.13913140308632754,1,High Vol
2021-06-01,391.9646301269531,-0.000881197648362892,0.13711504450445353,1,High Vol
2021-06-02,392.5810852050781,0.0015714959445811744,0.13702890700225995,1,High Vol
2021-06-03,391.1240234375,-0.0037183972143232814,0.13583030819342976,1,High Vol
2021-06-04,394.701171875,0.009104246509664694,0.13916533412933754,1,High Vol
2021-06-07,394.3182373046875,-0.0009706595197111941,0.13678064373285187,1,High Vol
2021-06-08,394.4023132324219,0.00021319573325577474,0.13446156825325073,0,Low Vol
2021-06-09,393.81390380859375,-0.001493015546771587,0.1296666821199321,0,Low Vol
2021-06-10,395.6445007324219,0.0046376102762350655,0.12576357666978819,0,Low Vol
2021-06-11,396.2983093261719,0.001651151406353639,0.09537790592834308,0,Low Vol
2021-06-14,397.1856384277344,0.002236540446598713,0.08852967913318122,0,Low Vol
2021-06-15,396.45709228515625,-0.001835955447026363,0.07425557665888449,0,Low Vol
2021-06-16,394.24346923828125,-0.005599158361044152,0.07674839503877255,0,Low Vol
2021-06-17,394.11273193359375,-0.0003316706475871061,0.06891751194949573,0,Low Vol
2021-06-18,388.7960205078125,-0.013582152817315025,0.08503788966779789,0,Low Vol
2021-06-21,394.3620300292969,0.014214508134281196,0.09095028162667346,0,Low Vol
2021-06-22,396.4703674316406,0.005331957578048244,0.09206729084695567,0,Low Vol
2021-06-23,395.9925231933594,-0.0012059726754344495,0.08620471412378242,0,Low Vol
2021-06-24,398.3351745605469,0.005898467763165639,0.08750248217173236,0,Low Vol
2021-06-25,399.7499694824219,0.0035454773578506866,0.0879058630099524,0,Low Vol
2021-06-28,400.5558776855469,0.002014001218127651,0.08795479494940872,0,Low Vol
2021-06-29,400.7713623046875,0.0005378192917472981,0.08793394025414712,0,Low Vol
2021-06-30,401.108642578125,0.0008412238521316193,0.08766770235563585,0,Low Vol
2021-07-01,403.32952880859375,0.005521597437814592,0.0889943020314123,0,Low Vol
2021-07-02,406.4123229980469,0.007614300970050232,0.08962089683310298,0,Low Vol
2021-07-06,405.6721496582031,-0.0018228979120518227,0.08637438857317073,0,Low Vol
2021-07-07,407.10577392578125,0.003527718243181724,0.08628633555588482,0,Low Vol
2021-07-08,403.7886047363281,-0.008181553061388118,0.09256020670178292,0,Low Vol
2021-07-09,408.09906005859375,0.010618453783649333,0.09762237571435037,0,Low Vol
2021-07-12,409.560791015625,0.003575404888188731,0.09728796195994348,0,Low Vol
2021-07-13,408.1646728515625,-0.003414641177969328,0.09885472575706844,0,Low Vol
2021-07-14,408.773681640625,0.0014909543627857995,0.09880942564487147,0,Low Vol
2021-07-15,407.3774719238281,-0.0034214521972808017,0.09960691515348487,0,Low Vol
2021-07-16,404.1822509765625,-0.007874312553975586,0.10187669317611384,0,Low Vol
2021-07-19,398.21331787109375,-0.014878056265545595,0.11607844959119458,0,Low Vol
2021-07-20,403.91986083984375,0.014228657774678551,0.11353963650961517,0,Low Vol
2021-07-21,407.1900939941406,0.008063643787483954,0.10688145381650464,0,Low Vol
2021-07-22,408.0428161621094,0.002091972657947517,0.10601288097700223,0,Low Vol
2021-07-23,412.24078369140625,0.010235494602380527,0.10984939084490115,0,Low Vol
2021-07-26,413.2527770996094,0.002451851748440964,0.10891943972423287,0,Low Vol
2021-07-27,411.3693542480469,-0.004567973754238333,0.11084418083910572,0,Low Vol
2021-07-28,411.20062255859375,-0.00041025492438893197,0.11098320200401839,0,Low Vol
2021-07-29,412.9060363769531,0.004138824105657736,0.1113927563343983,0,Low Vol
2021-07-30,410.9007568359375,-0.004868334464041335,0.1135027357268875,0,Low Vol
2021-08-02,410.0386657714844,-0.0021002557743192334,0.11287181711007041,0,Low Vol
2021-08-03,413.3745422363281,0.008102601908751705,0.11325606740168723,0,Low Vol
2021-08-04,411.3411865234375,-0.004931056270958521,0.11466907943205702,0,Low Vol
2021-08-05,413.94622802734375,0.006313073748473264,0.11594535357336115,0,Low Vol
2021-08-06,414.63018798828125,0.0016509282742429659,0.1112638181427875,0,Low Vol
2021-08-09,414.2928771972656,-0.0008138531156892243,0.10607723899211137,0,Low Vol
2021-08-10,414.8082275390625,0.001243154556718893,0.10559201927785282,0,Low Vol
2021-08-11,415.8388977050781,0.0024816090097251357,0.10473499695661802,0,Low Vol
2021-08-12,417.0851745605469,0.0029925363596256167,0.10497299524339729,0,Low Vol
2021-08-13,417.84429931640625,0.0018184169772179027,0.10378079354410114,0,Low Vol
2021-08-16,418.8281555175781,0.0023518323065917952,0.0984115433584747,0,Low Vol
2021-08-17,416.0826416015625,-0.006576807538668187,0.08393342911831568,0,Low Vol
2021-08-18,411.5286560058594,-0.011005242610658843,0.08346914198986304,0,Low Vol
2021-08-19,412.16583251953125,0.0015471188641964378,0.07936265481194865,0,Low Vol
2021-08-20,415.4454345703125,0.007925506450093277,0.08324242035758497,0,Low Vol
2021-08-23,419.099853515625,0.008757924478538475,0.08127891136635364,0,Low Vol
2021-08-24,419.76519775390625,0.0015862965724784896,0.08111048976468002,0,Low Vol
2021-08-25,420.6460266113281,0.0020961861393914635,0.07886489409213823,0,Low Vol
2021-08-26,418.1628112792969,-0.005920830764302422,0.0823923777341084,0,Low Vol
2021-08-27,421.901611328125,0.008901280983883394,0.08637962994965313,0,Low Vol
2021-08-30,423.75701904296875,0.004388084329557091,0.08434823970277987,0,Low Vol
2021-08-31,423.1291809082031,-0.0014826980291363866,0.0840457357541641,0,Low Vol
2021-09-01,423.35400390625,0.0005311930759325096,0.08056770784244828,0,Low Vol
2021-09-02,424.656494140625,0.003071875316665472,0.07769275827964252,0,Low Vol
2021-09-03,424.5534362792969,-0.0002427146884236247,0.07589183163627868,0,Low Vol
2021-09-07,423.0353698730469,-0.0035820860739692074,0.07764893965113523,0,Low Vol
2021-09-08,422.52001953125,-0.0012189630911629298,0.07777783562995992,0,Low Vol
2021-09-09,420.7115478515625,-0.004289389824715822,0.07983688181263304,0,Low Vol
2021-09-10,417.3945007324219,-0.007915619853650666,0.08483665959587806,0,Low Vol
2021-09-13,418.46270751953125,0.0025559565870951293,0.08466746063773485,0,Low Vol
2021-09-14,416.20440673828125,-0.005411274155361035,0.08656276494020672,0,Low Vol
2021-09-15,419.68084716796875,0.008318032787152502,0.09111534617724791,0,Low Vol
2021-09-16,419.015625,-0.0015863243248123845,0.08809985899134631,0,Low Vol
2021-09-17,414.9339294433594,-0.009788909000818016,0.08620764295721503,0,Low Vol
2021-09-20,408.0151672363281,-0.016814953083425562,0.10461087408389398,0,Low Vol
2021-09-21,407.6297607421875,-0.0009450350504340796,0.10004141624329148,0,Low Vol
2021-09-22,411.6060791015625,0.009707460029356636,0.10124379903733326,0,Low Vol
2021-09-23,416.6071472167969,0.012076911454021417,0.11053249841072556,0,Low Vol
2021-09-24,417.2933349609375,0.001645730908376241,0.11041735017338065,0,Low Vol
2021-09-27,416.099609375,-0.002864738441648781,0.10898362439247036,0,Low Vol
2021-09-28,407.7143249511719,-0.020357931994023838,0.12415225536205127,0,Low Vol
2021-09-29,408.4006652832031,0.0016819700705170476,0.12284682067815986,0,Low Vol
2021-09-30,403.4090270996094,-0.012297712478539929,0.12814042966115358,0,Low Vol
2021-10-01,408.2032165527344,0.011814127380039894,0.1369118451490776,1,High Vol
2021-10-04,402.93902587890625,-0.012979880238731126,0.1410396850480334,1,High Vol
2021-10-05,407.1316223144531,0.010351279560293823,0.1477888715345849,1,High Vol
2021-10-06,408.8236083984375,0.004147258196139707,0.14916229683528764,1,High Vol
2021-10-07,412.358154296875,0.008608490559823772,0.15332790694088888,1,High Vol
2021-10-08,411.6060791015625,-0.001825504976268507,0.15293118261532304,1,High Vol
2021-10-11,408.6262512207031,-0.007265846224478053,0.152579360868088,1,High Vol
2021-10-12,407.6203918457031,-0.0024645979072552937,0.15209092511397468,1,High Vol
2021-10-13,409.0867919921875,0.003591009731064404,0.15218456570475955,1,High Vol
2021-10-14,415.96795654296875,0.016680890863248535,0.161013879033554,1,High Vol
2021-10-15,419.1358947753906,0.007586968790775065,0.1632984235161662,1,High Vol
2021-10-18,420.3767395019531,0.0029561094842428474,0.15958466171485522,1,High Vol
2021-10-19,423.6199035644531,0.00768529129090893,0.14800543080144662,1,High Vol
2021-10-20,425.2837829589844,0.0039200713854255125,0.14783321229454421,1,High Vol
2021-10-21,426.3929748535156,0.002604726526760538,0.14520289822687993,1,High Vol
2021-10-22,425.9511413574219,-0.0010367491891262182,0.14039915028159058,1,High Vol
2021-10-25,428.2354736328125,0.005348568289393509,0.1411788230533628,1,High Vol
2021-10-26,428.6208801269531,0.0008995825693311685,0.1404023784429534,1,High Vol
2021-10-27,426.7220153808594,-0.004440015520190127,0.11840970130241783,0,Low Vol
2021-10-28,430.8393859863281,0.009602582945735077,0.12114585348150884,0,Low Vol
2021-10-29,431.713623046875,0.002027092481858356,0.1085357289756373,0,Low Vol
2021-11-01,432.456298828125,0.001718819286099704,0.10401416064135516,0,Low Vol
2021-11-02,434.2047119140625,0.0040348312344947795,0.08688572640814389,0,Low Vol
2021-11-03,436.85565185546875,0.006086715079736994,0.08388909249614791,0,Low Vol
2021-11-04,438.91436767578125,0.004701507397106393,0.08397692639780024,0,Low Vol
2021-11-05,440.4371337890625,0.003463387809955134,0.0818054474103633,0,Low Vol
2021-11-08,440.813232421875,0.0008535568779704508,0.08026975949734624,0,Low Vol
2021-11-09,439.3561096191406,-0.003311008607801223,0.074709094262005,0,Low Vol
2021-11-10,435.8215637207031,-0.008077365827230428,0.08244063013796012,0,Low Vol
2021-11-11,435.9625244140625,0.00032338441709664685,0.08301324502466707,0,Low Vol
2021-11-12,439.25274658203125,0.00751869346178976,0.06889643867474297,0,Low Vol
2021-11-15,439.4031066894531,0.000342250286798289,0.06682018200851593,0,Low Vol
2021-11-16,441.1422119140625,0.003950069233563649,0.06704112196063831,0,Low Vol
2021-11-17,440.0705871582031,-0.002432160053156637,0.06594553283757483,0,Low Vol
2021-11-18,441.5653076171875,0.0033907918222638505,0.06575779325215116,0,Low Vol
2021-11-19,440.7756652832031,-0.001789880712898678,0.06682441708472686,0,Low Vol
2021-11-22,439.5347595214844,-0.0028192477304890234,0.06797911852425788,0,Low Vol
2021-11-23,440.1175231933594,0.001324986630704197,0.06651832554543027,0,Low Vol
2021-11-24,441.2926025390625,0.0026663638358176297,0.06666462856073306,0,Low Vol
2021-11-26,431.45037841796875,-0.022555647212375265,0.10508368732926911,0,Low Vol
2021-11-29,436.7428283691406,0.012192022392791253,0.10823773628134634,0,Low Vol
2021-11-30,428.24481201171875,-0.0196495056918355,0.12884334301164763,0,Low Vol
2021-12-01,423.4883117675781,-0.01116910815986698,0.13383121171015838,0,Low Vol
2021-12-02,429.974609375,0.0152002443998931,0.14430119558714188,1,High Vol
2021-12-03,426.2331237792969,-0.0087397234717965,0.14495646847732524,1,High Vol
2021-12-06,431.28118896484375,0.011773852460465861,0.15053048345061337,1,High Vol
2021-12-07,440.2021789550781,0.020473831033017132,0.1672555940481839,1,High Vol
2021-12-08,441.36785888671875,0.0026445558741082674,0.16748909342029575,1,High Vol
2021-12-09,438.3879089355469,-0.00677451960420127,0.16879206066211572,1,High Vol
2021-12-10,442.5146789550781,0.009369481406931553,0.16922871514807863,1,High Vol
2021-12-13,438.5946960449219,-0.008897893687784153,0.1724883813119005,1,High Vol
2021-12-14,435.57708740234375,-0.006903953400907572,0.17210432877704104,1,High Vol
2021-12-15,442.3830871582031,0.015504430137526913,0.18072703876264706,1,High Vol
2021-12-16,438.4819030761719,-0.008857678831589859,0.1829199245562809,1,High Vol
2021-12-17,433.815185546875,-0.010699937243698556,0.18635100315482683,1,High Vol
2021-12-20,429.2022399902344,-0.01069037391887689,0.18884101276897552,1,High Vol
2021-12-21,436.8244323730469,0.017603128054088122,0.19990030584648372,1,High Vol
2021-12-22,441.19219970703125,0.009949249715540186,0.20284816940149733,1,High Vol
2021-12-23,443.937255859375,0.006202629312276503,0.20389631987721657,1,High Vol
2021-12-27,450.2200012207031,0.01405311808317371,0.20922866120766395,1,High Vol
2021-12-28,449.8520202636719,-0.0008176700725050834,0.1912295608666591,1,High Vol
2021-12-29,450.42742919921875,0.0012782897893377971,0.1875951109389404,1,High Vol
2021-12-30,449.1822509765625,-0.0027682650493337495,0.17212671359951023,1,High Vol
2021-12-31,448.05023193359375,-0.002523358583628981,0.16612018328391395,1,High Vol
2022-01-03,450.6444091796875,0.005773227819046407,0.16027833403438785,1,High Vol
2022-01-04,450.4934997558594,-0.00033493081079482374,0.15560269987241285,1,High Vol
2022-01-05,441.8430480957031,-0.019388923778980067,0.1693803281537849,1,High Vol
2022-01-06,441.42803955078125,-0.0009397082758978932,0.1541614889986494,1,High Vol
2022-01-07,439.6827697753906,-0.003961526834978574,0.15450322241227524,1,High Vol
2022-01-10,439.1356506347656,-0.0012451245868389392,0.1527074023420985,1,High Vol
2022-01-11,443.1355285644531,0.009067292298286988,0.152479226091323,1,High Vol
2022-01-12,444.3334045410156,0.0026995349568570996,0.14914406154303828,1,High Vol
2022-01-13,438.2111511230469,-0.013874317365207533,0.15539760989087123,1,High Vol
2022-01-14,438.3904113769531,0.0004089891327453702,0.14523820006750757,1,High Vol
2022-01-18,430.6267395019531,-0.017868182293669845,0.1548600658127231,1,High Vol
2022-01-19,426.1552734375,-0.01043790974604899,0.15465282139526262,1,High Vol
2022-01-20,421.4385681152344,-0.011129750547136013,0.15501221182081779,1,High Vol
2022-01-21,413.1654052734375,-0.019826011134999814,0.15302503688834634,1,High Vol
2022-01-24,414.9200744628906,0.004237900213239938,0.1483054544158512,1,High Vol
2022-01-25,409.85430908203125,-0.012284157180401618,0.14779734056845495,1,High Vol
2022-01-26,408.8260192871094,-0.002512068019811596,0.13297610753908579,0,Low Vol
2022-01-27,406.8072814941406,-0.004950121367643512,0.13226657915306936,0,Low Vol
2022-01-28,416.9104309082031,0.024531841283143344,0.16594827619084382,1,High Vol
2022-01-31,424.41949462890625,0.017850935506592558,0.18197669103733405,1,High Vol
2022-02-01,427.2872009277344,0.006734048589031978,0.18489237402830175,1,High Vol
2022-02-02,431.4379577636719,0.00966732864502692,0.1874977814979628,1,High Vol
2022-02-03,421.2969970703125,-0.023785676293671294,0.20180913055590266,1,High Vol
2022-02-04,423.2781066894531,0.004691384446107212,0.19456571931579228,1,High Vol
2022-02-07,421.91961669921875,-0.003214611498580381,0.19456261576308514,1,High Vol
2022-02-08,425.3912048339844,0.008194413366350737,0.19767048813473598,1,High Vol
2022-02-09,431.61724853515625,0.014529969251003898,0.20540306516251267,1,High Vol
2022-02-10,423.86285400390625,-0.018129251383678692,0.2104479839481275,1,High Vol
2022-02-11,415.5048828125,-0.019915579489242413,0.21835862891708072,1,High Vol
2022-02-14,414.14654541015625,-0.0032744802692691254,0.21488595504144758,1,High Vol
2022-02-15,420.825439453125,0.015998228958511617,0.22429786485362588,1,High Vol
2022-02-16,421.2969970703125,0.0011199266187973014,0.21683617902354121,1,High Vol
2022-02-17,412.29754638671875,-0.021592752532739852,0.22616811104929208,1,High Vol
2022-02-18,409.6279296875,-0.006496029542140977,0.22426295512049724,1,High Vol
2022-02-22,405.2319641113281,-0.010789605074727319,0.21694988712745672,1,High Vol
2022-02-23,398.04364013671875,-0.017898006181325775,0.2237592749809964,1,High Vol
2022-02-24,404.03387451171875,0.014937074389212171,0.227793641761442,1,High Vol
2022-02-25,412.9484558105469,0.021824058592103963,0.24057021309615834,1,High Vol
2022-02-28,411.8919372558594,-0.0025617541074843394,0.2400328967219965,1,High Vol
2022-03-01,405.61871337890625,-0.015347437997394452,0.22943635093121748,1,High Vol
2022-03-02,413.08050537109375,0.018228913489666113,0.22983741784985032,1,High Vol
2022-03-03,411.0240478515625,-0.004990778851994823,0.22826346579972773,1,High Vol
2022-03-04,407.68463134765625,-0.008157810240787012,0.22526539300105086,1,High Vol
2022-03-07,395.6664123535156,-0.029922449936120244,0.2333618740708468,1,High Vol
2022-03-08,392.6665344238281,-0.007610724433449741,0.23214840618008342,1,High Vol
2022-03-09,403.19427490234375,0.026457778743473725,0.2544160864359309,1,High Vol
2022-03-10,401.3736572265625,-0.00452571053500035,0.25169332970333974,1,High Vol
2022-03-11,396.2701110839844,-0.012796729542591917,0.24576196688930044,1,High Vol
2022-03-14,393.37408447265625,-0.007335049411309998,0.24077471229811034,1,High Vol
2022-03-15,402.0245056152344,0.021752017986443772,0.24824872582168614,1,High Vol
2022-03-16,410.93914794921875,0.02193209901381573,0.2610929646599601,1,High Vol
2022-03-17,416.0804138183594,0.012433399011957218,0.25855675055307786,1,High Vol
2022-03-18,420.6376037597656,0.010893120283336702,0.2615465277107098,1,High Vol
2022-03-21,420.51458740234375,-0.0002924948887762026,0.24960121974861793,1,High Vol
2022-03-22,425.4351806640625,0.01163343012098007,0.25069461010900884,1,High Vol
2022-03-23,419.95623779296875,-0.012962089426637272,0.25217816532894916,1,High Vol
2022-03-24,426.2868957519531,0.014962073682945509,0.2456074229329873,1,High Vol
2022-03-25,428.36865234375,0.00487157829490963,0.24202888121452568,1,High Vol
2022-03-28,431.4156799316406,0.007087917818516394,0.2326234395304378,1,High Vol
2022-03-29,436.7526550292969,0.01229494814131993,0.23457038852701279,1,High Vol
2022-03-30,434.0557556152344,-0.006194033046851239,0.22769458172786594,1,High Vol
2022-03-31,427.3750305175781,-0.01551107564198554,0.22967327807297938,1,High Vol
2022-04-01,428.5863037109375,0.002830207284966324,0.22843144095115184,1,High Vol
2022-04-04,432.25787353515625,0.008530212980649314,0.2263940228538837,1,High Vol
2022-04-05,426.7978210449219,-0.012711925548087895,0.20154997126326424,1,High Vol
2022-04-06,422.5301513671875,-0.010049605650398785,0.20342857280441268,1,High Vol
2022-04-07,424.6592102050781,0.005026180489443885,0.18571712801217993,1,High Vol
2022-04-08,423.5237121582031,-0.002677485469926226,0.18494869326248828,1,High Vol
2022-04-11,416.2847900390625,-0.017239885977645565,0.19016346438306145,1,High Vol
2022-04-12,414.7423095703125,-0.0037122309027972675,0.18824392822165723,1,High Vol
2022-04-13,419.4926452636719,0.011388607032300394,0.17804968811100863,1,High Vol
2022-04-14,414.2691345214844,-0.01253014760712303,0.1693088445677264,1,High Vol
2022-04-18,414.43951416015625,0.0004111931047022715,0.16355274919535442,1,High Vol
2022-04-19,421.1296081542969,0.016013605049990665,0.1688017224685191,1,High Vol
2022-04-20,420.8173522949219,-0.0007417471369574602,0.16882057048822863,1,High Vol
2022-04-21,414.524658203125,-0.015066435179200425,0.1710281878129827,1,High Vol
2022-04-22,403.1504821777344,-0.027822564680455922,0.190503144022658,1,High Vol
2022-04-25,405.48773193359375,0.005780721770688944,0.18273278879717184,1,High Vol
2022-04-26,393.7445068359375,-0.02938837977696775,0.20301188784580096,1,High Vol
2022-04-27,394.8516845703125,0.002807973139921195,0.2005899069744779,1,High Vol
2022-04-28,404.8253173828125,0.02494544666966562,0.21776292681801462,1,High Vol
2022-04-29,389.8647766113281,-0.03765570659676479,0.24767643760011102,1,High Vol
2022-05-02,392.2115783691406,0.006001482557932194,0.2475078437948619,1,High Vol
2022-05-03,394.00946044921875,0.004573485381675188,0.24819457715961485,1,High Vol
2022-05-04,406.0081787109375,0.02999838370495236,0.2718694075596277,1,High Vol
2022-05-05,391.5774841308594,-0.036189892115928164,0.2937404491867502,1,High Vol
2022-05-06,389.240234375,-0.005986689802588475,0.29304012922002276,1,High Vol
2022-05-09,376.7778015136719,-0.03254109430205443,0.30716501833222376,1,High Vol
2022-05-10,377.64837646484375,0.002307913916583776,0.3082659778202744,1,High Vol
2022-05-11,371.6490478515625,-0.016013552484291784,0.307704238217546,1,High Vol
2022-05-12,371.2610778808594,-0.0010444601373287862,0.3080273203895613,1,High Vol
2022-05-13,380.1371154785156,0.02362648876204287,0.31908720750058406,1,High Vol
2022-05-16,378.59466552734375,-0.004065869163981289,0.31781176123969324,1,High Vol
2022-05-17,386.38250732421875,0.020361681734043083,0.3288512587484615,1,High Vol
2022-05-18,370.8067626953125,-0.041146758767038945,0.34565286804729556,1,High Vol
2022-05-19,368.5357971191406,-0.006143221942391827,0.34511174077121354,1,High Vol
2022-05-20,368.6966552734375,0.00043638381985901633,0.34433717014674625,1,High Vol
2022-05-23,375.5950012207031,0.018537204937496648,0.3440528709721844,1,High Vol
2022-05-24,372.727783203125,-0.007663088999024175,0.342696123521578,1,High Vol
2022-05-25,376.020751953125,0.00879598376915074,0.33244310143274414,1,High Vol
2022-05-26,383.5341796875,0.01978440925614518,0.3407585002559036,1,High Vol
2022-05-27,392.94964599609375,0.02425273393611667,0.3400918741501814,1,High Vol
2022-05-31,390.74481201171875,-0.005626784211776768,0.31420385155377956,1,High Vol
2022-06-01,387.584228515625,-0.008121503127506457,0.31467420348790665,1,High Vol
2022-06-02,394.9651184082031,0.018864264089842504,0.3214360539905536,1,High Vol
2022-06-03,388.483154296875,-0.01654764519003506,0.30703084474126624,1,High Vol
2022-06-06,389.6660461425781,0.003040272369830031,0.28113314123854155,1,High Vol
2022-06-07,393.4038391113281,0.009546584351620271,0.2822747328368312,1,High Vol
2022-06-08,389.1266784667969,-0.01093172251476379,0.25939592048861965,1,High Vol
2022-06-09,379.8721008300781,-0.02407032288826598,0.2740851198378641,1,High Vol
2022-06-10,368.8575134277344,-0.029424192306747105,0.28772735000939537,1,High Vol
2022-06-13,354.85260009765625,-0.03870793473711475,0.3169543089849723,1,High Vol
2022-06-14,353.7833251953125,-0.0030178422394411954,0.3027706901204809,1,High Vol
2022-06-15,358.8270263671875,0.014155801651667155,0.30880166211229126,1,High Vol
2022-06-16,346.95123291015625,-0.033656220764680986,0.3149289003370969,1,High Vol
2022-06-17,347.69915771484375,0.0021533856564291795,0.28700936463791354,1,High Vol
2022-06-21,356.4519958496094,0.024861960226476427,0.30249681101206327,1,High Vol
2022-06-22,355.8058776855469,-0.0018142820607566672,0.30240753359351097,1,High Vol
2022-06-23,359.29364013671875,0.00975469852924421,0.2964762969397479,1,High Vol
2022-06-24,370.7168884277344,0.031298674069136466,0.3172775916533205,1,High Vol
2022-06-27,369.30096435546875,-0.0038267341654713138,0.3157486151919895,1,High Vol
2022-06-28,361.7550354003906,-0.020644648188046746,0.3134961789847782,1,High Vol
2022-06-29,361.4604187011719,-0.0008147412056674783,0.2978948732534084,1,High Vol
2022-06-30,358.5238037109375,-0.008157487854485859,0.2982002442990535,1,High Vol
2022-07-01,362.3157958984375,0.010521139984108812,0.3019996356686424,1,High Vol
2022-07-05,363.0,0.0018866383673929474,0.29192181523249666,1,High Vol
2022-07-06,364.22601318359375,0.0033717560232615225,0.28929334877513196,1,High Vol
2022-07-07,369.6810302734375,0.014865963203139605,0.29527916568969054,1,High Vol
2022-07-08,369.3769226074219,-0.0008229603158821778,0.2921135586670451,1,High Vol
2022-07-11,365.15728759765625,-0.011489407489273101,0.2923106571553845,1,High Vol
2022-07-12,361.9261169433594,-0.008888091532469007,0.2831266288970296,1,High Vol
2022-07-13,360.025390625,-0.00526553567667226,0.2658081236080814,1,High Vol
2022-07-14,359.15106201171875,-0.002431472946125103,0.22828766575598425,1,High Vol
2022-07-15,366.0127258300781,0.018925017293608376,0.23644731985674028,1,High Vol
2022-07-18,362.9905090332031,-0.008291414815439267,0.23422586499207498,1,High Vol
2022-07-19,372.7982482910156,0.026660696001203216,0.21570194807738743,1,High Vol
2022-07-20,375.1741638183594,0.00635297099175474,0.2158813477503891,1,High Vol
2022-07-21,378.99462890625,0.010131678228729468,0.2032831224528047,1,High Vol
2022-07-22,375.4783020019531,-0.009321347978488524,0.20711336211930317,1,High Vol
2022-07-25,375.9344177246094,0.0012140219794063065,0.2054832133841222,1,High Vol
2022-07-26,371.4867858886719,-0.011901413319669934,0.18136237218114631,1,High Vol
2022-07-27,381.1329040527344,0.025634849922625016,0.20098182393983416,1,High Vol
2022-07-28,385.9131774902344,0.012464271548222472,0.18727090032852772,1,High Vol
2022-07-29,391.53936767578125,0.014473650997209216,0.1907231813922468,1,High Vol
2022-08-01,390.3798828125,-0.0029657428498499542,0.18743940064669404,1,High Vol
2022-08-02,387.8045349121094,-0.006618886844348987,0.1893815522475047,1,High Vol
2022-08-03,393.8773498535156,0.015538129361829805,0.1940027001813861,1,High Vol
2022-08-04,393.6111755371094,-0.0006760081397014186,0.19464394276338706,1,High Vol
2022-08-05,392.9459533691406,-0.0016914787295853838,0.19108865565143637,1,High Vol
2022-08-08,392.48968505859375,-0.001161822406693979,0.19117556668856783,1,High Vol
2022-08-09,390.9311828613281,-0.003978715188810079,0.18575095366980993,1,High Vol
2022-08-10,399.1422424316406,0.0207863090993676,0.18972378736547485,1,High Vol
2022-08-11,399.1422424316406,0.0,0.18711140926959222,1,High Vol
2022-08-12,405.89935302734375,0.01678737924008127,0.18943784469941213,1,High Vol
2022-08-15,407.5719299316406,0.004112202351337802,0.18338587234018544,1,High Vol
2022-08-16,408.3702697753906,0.0019568545389420126,0.17727593811678596,1,High Vol
2022-08-17,405.4717102050781,-0.0071231809063886705,0.16492686761677777,1,High Vol
2022-08-18,406.6501159667969,0.0029020438825141585,0.16473983425362812,1,High Vol
2022-08-19,401.1855773925781,-0.01352904301961134,0.17350378504450706,1,High Vol
2022-08-22,392.8318786621094,-0.021042376091759293,0.18789821736410836,1,High Vol
2022-08-23,391.8814697265625,-0.0024223097573539544,0.18854792316599675,1,High Vol
2022-08-24,393.1360168457031,0.003196229914939105,0.1816724899944031,1,High Vol
2022-08-25,398.6860656738281,0.014018653540681821,0.1670618034380719,1,High Vol
2022-08-26,385.1909484863281,-0.03443512294595405,0.20520049012051933,1,High Vol
2022-08-29,382.64398193359375,-0.006634175636734114,0.19926739082884798,1,High Vol
2022-08-30,378.4433288574219,-0.011038669733256318,0.20216397700309863,1,High Vol
2022-08-31,375.5638122558594,-0.007637939863798523,0.2025209479280539,1,High Vol
2022-09-01,376.74224853515625,0.003132866540795512,0.1937177227921424,1,High Vol
2022-09-02,372.76971435546875,-0.010600421542084884,0.1958260580715679,1,High Vol
2022-09-06,371.3632507324219,-0.0037801451187831174,0.19583888876429636,1,High Vol
2022-09-07,378.03472900390625,0.01780537099521976,0.20832758575469776,1,High Vol
2022-09-08,380.5057067871094,0.006515108244720713,0.21010046373306188,1,High Vol
2022-09-09,386.4169006347656,0.015415664768956328,0.20371770204042874,1,High Vol
2022-09-12,390.5700378417969,0.010690467381389339,0.20805766886833063,1,High Vol
2022-09-13,373.5870666503906,-0.04445621988406056,0.24656269911414755,1,High Vol
2022-09-14,375.01251220703125,0.0038083037172065284,0.24643970664417422,1,High Vol
2022-09-15,370.75494384765625,-0.011418075649480526,0.24674552708989259,1,High Vol
2022-09-16,367.926513671875,-0.0076580885307467594,0.24682135065749244,1,High Vol
2022-09-19,370.7797546386719,0.00772500594155852,0.24922878157617911,1,High Vol
2022-09-20,366.52374267578125,-0.011544931633515084,0.2484062121397443,1,High Vol
2022-09-21,360.13018798828125,-0.017597702049639556,0.2457538439421866,1,High Vol
2022-09-22,357.1051940917969,-0.008435199680297269,0.24610710973815106,1,High Vol
2022-09-23,351.12188720703125,-0.01689697951088048,0.2481017050970504,1,High Vol
2022-09-26,347.6484069824219,-0.00994177589696796,0.23817956720337377,1,High Vol
2022-09-27,346.7609558105469,-0.0025559898888890924,0.21564211748798917,1,High Vol
2022-09-28,353.583984375,0.019485382280259745,0.23155109151447667,1,High Vol
2022-09-29,346.1979064941406,-0.021110441056311137,0.23807623666696323,1,High Vol
2022-09-30,340.84442138671875,-0.015584464718630113,0.24107749201636708,1,High Vol
2022-10-03,349.84320068359375,0.026058925149818873,0.26249616104761175,1,High Vol
2022-10-04,360.6836242675781,0.03051613095531525,0.28611624359071186,1,High Vol
2022-10-05,359.8439025878906,-0.0023308535165273863,0.28601918285204564,1,High Vol
2022-10-06,356.1318054199219,-0.010369431220529904,0.2786136143882637,1,High Vol
2022-10-07,346.1979064941406,-0.02829030664944674,0.28975046218745565,1,High Vol
2022-10-10,343.5545959472656,-0.007664556424822958,0.28065026327730747,1,High Vol
2022-10-11,341.3788146972656,-0.0063532849612114905,0.27432506989232924,1,High Vol
2022-10-12,340.2528381347656,-0.0033037714195996424,0.23689921992668406,1,High Vol
2022-10-13,349.2324523925781,0.026048770369912613,0.2582356882001068,1,High Vol
2022-10-14,341.2738952636719,-0.02305238639018966,0.2658255510409741,1,High Vol
2022-10-17,350.0436096191406,0.025372378835112182,0.2840160974407824,1,High Vol
2022-10-18,354.1564636230469,0.011681057488246611,0.2861111802887286,1,High Vol
2022-10-19,351.64678955078125,-0.007111570081555621,0.2846922597661021,1,High Vol
2022-10-20,348.6980895996094,-0.008420758009633402,0.28008384346787063,1,High Vol
2022-10-21,357.1719665527344,0.024010889796625457,0.292299493710802,1,High Vol
2022-10-24,361.54248046875,0.012162181537815182,0.28843056152772745,1,High Vol
2022-10-25,367.31585693359375,0.015842577142143984,0.2894917050470548,1,High Vol
2022-10-26,364.5484313964844,-0.007562710112710781,0.2911346226364825,1,High Vol
2022-10-27,362.60174560546875,-0.005354300949934095,0.28540761344972054,1,High Vol
2022-10-28,371.2282409667969,0.023511965764331483,0.28330993672912214,1,High Vol
2022-10-31,368.5467529296875,-0.007249501005257878,0.2777167629148456,1,High Vol
2022-11-01,366.9341125488281,-0.004385275106106968,0.26666700197401244,1,High Vol
2022-11-02,357.72540283203125,-0.0254166412111355,0.26237707910627595,1,High Vol
2022-11-03,354.0419616699219,-0.010350218986616186,0.26458503250686083,1,High Vol
2022-11-04,359.1376647949219,0.014290340479070879,0.2670948615823732,1,High Vol
2022-11-07,362.5730895996094,0.009520298073749855,0.24730192062110168,1,High Vol
2022-11-08,364.5293273925781,0.005380926998416122,0.2448617526747477,1,High Vol
2022-11-09,357.019287109375,-0.020817201614169313,0.2565385442181465,1,High Vol
2022-11-10,376.6390075683594,0.0534973832708573,0.3110402984463751,1,High Vol
2022-11-11,380.2842712402344,0.009631866149920731,0.30200202909017987,1,High Vol
2022-11-14,377.04931640625,-0.008543063616105,0.28951615768644046,1,High Vol
2022-11-15,380.26513671875,0.008492745987064286,0.2801167483909704,1,High Vol
2022-11-16,377.3642578125,-0.007657815558163016,0.28139371080027836,1,High Vol
2022-11-17,376.20953369140625,-0.0030646634420997787,0.2799025876159135,1,High Vol
2022-11-18,377.9176940917969,0.004530172784547449,0.2766959144906519,1,High Vol
2022-11-21,376.5435791015625,-0.003642642925403181,0.26772211805159174,1,High Vol
2022-11-22,381.6106872558594,0.013367157130259955,0.26830112636826864,1,High Vol
2022-11-23,384.0154113769531,0.0062817399588876175,0.2643580834584293,1,High Vol
2022-11-25,383.9295349121094,-0.00022365266056295483,0.2621856200955844,1,High Vol
2022-11-28,377.80316162109375,-0.016085709378832212,0.26877181390962535,1,High Vol
2022-11-29,377.15423583984375,-0.0017191061197573258,0.2572383270796117,1,High Vol
2022-11-30,389.03485107421875,0.031014713638421853,0.27572408798986436,1,High Vol
2022-12-01,388.7486572265625,-0.0007359216479091895,0.2748515562169021,1,High Vol
2022-12-02,388.300048828125,-0.0011546469218280183,0.25570674958180123,1,High Vol
2022-12-05,381.3148193359375,-0.01815303108552966,0.262525496767526,1,High Vol
2022-12-06,375.8182678222656,-0.014519635112296606,0.2665904068420115,1,High Vol
2022-12-07,375.178955078125,-0.0017025706063341893,0.2655198744641288,1,High Vol
2022-12-08,378.1180419921875,0.007803301590915889,0.26608333927085026,1,High Vol
2022-12-09,375.2934265136719,-0.007498236569890407,0.2556503070450774,1,High Vol
2022-12-12,380.70416259765625,0.01431440668840602,0.18249378943835762,1,High Vol
2022-12-13,383.5859680175781,0.007541165224119062,0.18131714680176894,1,High Vol
2022-12-14,381.1335144042969,-0.006414017368196388,0.18013845688075647,1,High Vol
2022-12-15,371.8103332519531,-0.024765877844904017,0.1975741964653662,1,High Vol
2022-12-16,367.42071533203125,-0.011876312617928302,0.19987336388928842,1,High Vol
2022-12-19,364.3050842285156,-0.00851589470886905,0.20137593985074573,1,High Vol
2022-12-20,364.8036193847656,0.00136751963451364,0.20047248049428806,1,High Vol
2022-12-21,370.25836181640625,0.014841857426989827,0.20826892525980287,1,High Vol
2022-12-22,364.9761962890625,-0.01436890132760952,0.20664996187717002,1,High Vol
2022-12-23,367.07562255859375,0.005735747036456844,0.2063786625147281,1,High Vol
2022-12-27,365.6280822753906,-0.0039512347404095476,0.20634460649856856,1,High Vol
2022-12-28,361.0840759277344,-0.012505819582245163,0.20369231871444615,1,High Vol
2022-12-29,367.5837097167969,0.017840245733662215,0.21516599583630708,1,High Vol
2022-12-30,366.615478515625,-0.0026375179324144545,0.1804065278420891,1,High Vol
2023-01-03,365.07208251953125,-0.004218735884996126,0.18030140407290648,1,High Vol
2023-01-04,367.8905334472656,0.007690610019874914,0.1840029122606418,1,High Vol
2023-01-05,363.69158935546875,-0.011479203959378665,0.17824414132167912,1,High Vol
2023-01-06,372.03179931640625,0.022673106153111158,0.1920256644662547,1,High Vol
2023-01-09,371.8209228515625,-0.0005669844693943789,0.1919750182743451,1,High Vol
2023-01-10,374.4284362792969,0.006988345136224831,0.19155502951877956,1,High Vol
2023-01-11,379.1640930175781,0.012568381168065593,0.1948583628633175,1,High Vol
2023-01-12,380.54461669921875,0.003634354018955932,0.18872601001339295,1,High Vol
2023-01-13,382.02093505859375,0.0038719824162412888,0.18729638076866012,1,High Vol
2023-01-17,381.32110595703125,-0.0018335929636571528,0.18604789850556877,1,High Vol
2023-01-18,375.3008117675781,-0.015913948837760903,0.1732754552216976,1,High Vol
2023-01-19,372.5686950683594,-0.007306432013873022,0.1698707155082913,1,High Vol
2023-01-20,379.5093078613281,0.018457686070809245,0.1770537626057913,1,High Vol
2023-01-23,384.0628662109375,0.011927130100293417,0.18036599588675276,1,High Vol
2023-01-24,383.650634765625,-0.0010739201131858176,0.1749327982822191,1,High Vol
2023-01-25,383.7944030761719,0.00037466738369422567,0.1650537371044951,1,High Vol
2023-01-26,388.01251220703125,0.010930586510056378,0.1673440616833826,1,High Vol
2023-01-27,388.9040832519531,0.0022951535377480994,0.1656336353470396,1,High Vol
2023-01-30,384.0245056152344,-0.012626373339466514,0.16577573947392182,1,High Vol
2023-01-31,389.67095947265625,0.01459632209616094,0.1624477189866714,1,High Vol
2023-02-01,393.8122863769531,0.010571675899479762,0.16334064599461817,1,High Vol
2023-02-02,399.5450439453125,0.014452144398711111,0.1651518168412751,1,High Vol
2023-02-03,395.2982177734375,-0.010686047901514716,0.17249890221514153,1,High Vol
2023-02-06,392.88238525390625,-0.006130168835980616,0.16760263757120086,1,High Vol
2023-02-07,398.02081298828125,0.012994004942838863,0.1567842785577467,1,High Vol
2023-02-08,393.6684875488281,-0.010995144897445446,0.1639520033792502,1,High Vol
2023-02-09,390.2557067871094,-0.00870697025801973,0.1677728031166222,1,High Vol
2023-02-10,391.1664733886719,0.002331049814243526,0.16331429031629505,1,High Vol
2023-02-13,395.75836181640625,0.011670595058599903,0.1669790560854969,1,High Vol
2023-02-14,395.5762023925781,-0.00046038536741452784,0.16699792958728898,1,High Vol
2023-02-15,396.8608093261719,0.003242170771624588,0.1665849850864495,1,High Vol
2023-02-16,391.3965148925781,-0.013864462265866821,0.16395370132087758,1,High Vol
2023-02-17,390.418701171875,-0.0025013947297460918,0.1613413404688913,1,High Vol
2023-02-21,382.5865783691406,-0.020264779652452485,0.16789172878500408,1,High Vol
2023-02-22,382.0592346191406,-0.0013793152977468715,0.16260962261148054,1,High Vol
2023-02-23,384.09161376953125,0.005305440624117473,0.1636998546386843,1,High Vol
2023-02-24,379.9885559082031,-0.010739965421565665,0.16790010365543295,1,High Vol
2023-02-27,381.2828063964844,0.0034002375482289696,0.16342160950912377,1,High Vol
2023-02-28,379.87353515625,-0.0037029786750311863,0.16329574651056467,1,High Vol
2023-03-01,378.4163513183594,-0.0038433471356850574,0.15825358577742774,1,High Vol
2023-03-02,381.35943603515625,0.007747284096702265,0.15154846069065453,1,High Vol
2023-03-03,387.4755859375,0.015910510706201055,0.15770035292799175,1,High Vol
2023-03-06,387.7440185546875,0.0006925331257371983,0.14785910025252624,1,High Vol
2023-03-07,381.8004150390625,-0.015447377552154017,0.1524638562154161,1,High Vol
2023-03-08,382.4235534667969,0.0016307747244616476,0.15196270269677942,1,High Vol
2023-03-09,375.367919921875,-0.018622108295720675,0.15398468490082345,1,High Vol
2023-03-10,369.9515686035156,-0.014534563374119736,0.15682290931648157,1,High Vol
2023-03-13,369.4242858886719,-0.0014262916513383505,0.15548282640832378,1,High Vol
2023-03-14,375.53094482421875,0.016395067707242528,0.16822730056378712,1,High Vol
2023-03-15,373.1822509765625,-0.00627396863061826,0.16127192463559023,1,High Vol
2023-03-16,379.7297668457031,0.01739295103099869,0.17574067210427108,1,High Vol
2023-03-17,375.28973388671875,-0.011761508512507636,0.177831893619338,1,High Vol
2023-03-20,378.8983154296875,0.009569520716760122,0.1777586150384949,1,High Vol
2023-03-21,383.8735046386719,0.013045211250179671,0.18472669573502978,1,High Vol
2023-03-22,377.32977294921875,-0.017193548911671797,0.18091726796878407,1,High Vol
2023-03-23,378.3498840332031,0.0026998522302623404,0.18126409158603987,1,High Vol
2023-03-24,380.8325500488281,0.006540390699751729,0.18180907452961126,1,High Vol
2023-03-27,381.544677734375,0.001868177240112812,0.17798508588214015,1,High Vol
2023-03-28,380.6882019042969,-0.0022472821978958683,0.17777853558139006,1,High Vol
2023-03-29,386.2214660644531,0.014430278840542501,0.18410008884089188,1,High Vol
2023-03-30,388.4829406738281,0.005838306877790604,0.18408537469681316,1,High Vol
2023-03-31,393.95843505859375,0.013996150863705975,0.18809335537645205,1,High Vol
2023-04-03,395.45965576171875,0.003803364858877539,0.18098627428363953,1,High Vol
2023-04-04,393.26556396484375,-0.005563654874226699,0.1823996960362999,1,High Vol
2023-04-05,392.2359924316406,-0.002621438784978422,0.1733011125598699,1,High Vol
2023-04-06,393.7659606933594,0.003893044255065793,0.17353516864573104,1,High Vol
2023-04-10,394.1701354980469,0.0010259076645685896,0.1575991722831703,1,High Vol
2023-04-11,394.2760009765625,0.0002685420709274223,0.145522901175393,1,High Vol
2023-04-12,392.6689758300781,-0.004084217900168409,0.14683435364599634,1,High Vol
2023-04-13,397.8846435546875,0.013195166709868195,0.14351117170442318,1,High Vol
2023-04-14,396.9126892089844,-0.0024457928836644437,0.14106893972924542,1,High Vol
2023-04-17,398.3369445800781,0.003581911473720227,0.1309874166480787,0,Low Vol
2023-04-18,398.5967712402344,0.0006520659477812085,0.12089247867622989,0,Low Vol
2023-04-19,398.5293884277344,-0.0001690643616276661,0.11878011586080185,0,Low Vol
2023-04-20,396.3546447753906,-0.005471865046275532,0.1151453086280169,0,Low Vol
2023-04-21,396.66253662109375,0.0007765074159718325,0.0930458331146916,0,Low Vol
2023-04-24,397.0762939453125,0.0010425529047133546,0.09315095983386965,0,Low Vol
2023-04-25,390.773193359375,-0.016001114862213138,0.11120271184207527,0,Low Vol
2023-04-26,389.1180419921875,-0.004244576107932185,0.11276377228481456,0,Low Vol
2023-04-27,396.8646240234375,0.019712477674043414,0.12938658800003752,0,Low Vol
2023-04-28,400.2519226074219,0.008498930269366942,0.12370271969096677,0,Low Vol
2023-05-01,399.84771728515625,-0.0010103875479986208,0.1230888371321551,0,Low Vol
2023-05-02,395.353759765625,-0.01130280939449503,0.12158812040181288,0,Low Vol
2023-05-03,392.64007568359375,-0.006887604160933424,0.1231905729254311,0,Low Vol
2023-05-04,389.85894775390625,-0.007108352999652248,0.12412840055491839,0,Low Vol
2023-05-05,397.0762939453125,0.018343437129814275,0.13970004744313527,1,High Vol
2023-05-08,397.18218994140625,0.0002666537377177357,0.13918160046658304,1,High Vol
2023-05-09,395.4404296875,-0.004394936541924387,0.1401434723009595,1,High Vol
2023-05-10,397.2879638671875,0.004661211935403003,0.14101243040440314,1,High Vol
2023-05-11,396.59515380859375,-0.0017453708714672337,0.14031418176759328,1,High Vol
2023-05-12,396.0755310058594,-0.0013110687379278606,0.13252486724845391,0,Low Vol
2023-05-15,397.44195556640625,0.003443971769391596,0.13284694839514408,0,Low Vol
2023-05-16,394.7860412597656,-0.006704949250190306,0.1341866623552086,0,Low Vol
2023-05-17,399.5782775878906,0.012065734456773062,0.14099473032595738,1,High Vol
2023-05-18,403.427490234375,0.009587084634130385,0.14474579484221772,1,High Vol
2023-05-19,402.84051513671875,-0.0014560299985763674,0.14329080271941178,1,High Vol
2023-05-22,403.0041198730469,0.0004060453627613569,0.14329643253465493,1,High Vol
2023-05-23,398.48126220703125,-0.011286308590174616,0.1492267594213634,1,High Vol
2023-05-24,395.5944519042969,-0.007270901172938151,0.1400926669550087,1,High Vol
2023-05-25,399.0201721191406,0.0086223971601352,0.1415875542518618,1,High Vol
2023-05-26,404.1877136230469,0.012867435429804211,0.13196741407223986,0,Low Vol
2023-05-30,404.3417053222656,0.0003809179912875713,0.12901814573495704,0,Low Vol
2023-05-31,402.0995178222656,-0.0055607109688798,0.130635055610759,0,Low Vol
2023-06-01,405.919921875,0.009456288633216247,0.1272166389847878,0,Low Vol
2023-06-02,411.7899475097656,0.014357479810623186,0.13130290202846184,0,Low Vol
2023-06-05,411.00091552734375,-0.0019179411433433505,0.12781773922491813,0,Low Vol
2023-06-06,411.8957824707031,0.0021749201285746235,0.1141275337674789,0,Low Vol
2023-06-07,410.4715881347656,-0.0034636485120036406,0.11546008811453369,0,Low Vol
2023-06-08,412.9543762207031,0.006030403988823777,0.1143193567244722,0,Low Vol
2023-06-09,413.6952819824219,0.0017925513009261998,0.1139293138997485,0,Low Vol
2023-06-12,417.4483337402344,0.009031116152140754,0.11565538175695797,0,Low Vol
2023-06-13,420.20050048828125,0.00657119436911639,0.11565723819461984,0,Low Vol
2023-06-14,420.700927734375,0.0011902163282739955,0.11576640307087595,0,Low Vol
2023-06-15,425.9166564941406,0.012321489286384997,0.1150330910315343,0,Low Vol
2023-06-16,424.4658203125,-0.0034122001073578255,0.11318554742041523,0,Low Vol
2023-06-20,422.263671875,-0.005201551198940793,0.11373137990597744,0,Low Vol
2023-06-21,420.1000671386719,-0.005136995798886366,0.11590535648278376,0,Low Vol
2023-06-22,421.6166076660156,0.003603450457246176,0.11588133409610267,0,Low Vol
2023-06-23,418.4290771484375,-0.007588982059853769,0.11108839652727998,0,Low Vol
2023-06-26,416.719482421875,-0.004094114981000864,0.10813626544606134,0,Low Vol
2023-06-27,421.28814697265625,0.010903742770571573,0.11004174797530838,0,Low Vol
2023-06-28,421.5006408691406,0.0005042637112705316,0.10363468307140822,0,Low Vol
2023-06-29,423.1618957519531,0.0039335402075982885,0.10366724987301326,0,Low Vol
2023-06-30,428.155517578125,0.011731650313275253,0.10472813187717314,0,Low Vol
2023-07-03,428.6480407714844,0.0011496760087170914,0.10218797258973102,0,Low Vol
2023-07-05,428.0106201171875,-0.0014881557872117059,0.09358544480903003,0,Low Vol
2023-07-06,424.6590270996094,-0.007861450891039729,0.09871652299588429,0,Low Vol
2023-07-07,423.5868835449219,-0.0025279087400917628,0.09968494062448104,0,Low Vol
2023-07-10,424.6590270996094,0.0025279087400918708,0.09820220792246089,0,Low Vol
2023-07-11,427.36346435546875,0.006348297998181769,0.09838817546753127,0,Low Vol
2023-07-12,430.8020324707031,0.008013807430665085,0.10084473111307768,0,Low Vol
2023-07-13,434.22125244140625,0.007905539279839332,0.09991710631441955,0,Low Vol
2023-07-14,433.9508056640625,-0.0006230257782817717,0.09875867192180952,0,Low Vol
2023-07-17,435.4575500488281,0.0034661408149192934,0.09897351447751707,0,Low Vol
2023-07-18,438.6932678222656,0.007403144824633023,0.09360746264565191,0,Low Vol
2023-07-19,439.6687927246094,0.0022212373399442802,0.09197267032220843,0,Low Vol
2023-07-20,436.75189208984375,-0.006656418442524389,0.09346930476874339,0,Low Vol
2023-07-21,436.75189208984375,0.0,0.09044457831921665,0,Low Vol
2023-07-24,438.7029724121094,0.004457302441603875,0.09070102936987735,0,Low Vol
2023-07-25,439.900634765625,0.0027262876809242198,0.08389919009734213,0,Low Vol
2023-07-26,439.96826171875,0.00015372052251970915,0.08100781124783867,0,Low Vol
2023-07-27,437.05126953125,-0.006652082057490303,0.08112072272491032,0,Low Vol
2023-07-28,441.33013916015625,0.009742700454377282,0.08552731306145393,0,Low Vol
2023-07-31,442.1704406738281,0.0019022098824401747,0.08529444196538488,0,Low Vol
2023-08-01,440.9051818847656,-0.0028655748670867462,0.07928615180558983,0,Low Vol
2023-08-02,434.7718200683594,-0.014008503369098865,0.09559355969233725,0,Low Vol
2023-08-03,433.5258483886719,-0.002869920259256943,0.09610608147509898,0,Low Vol
2023-08-04,431.5650939941406,-0.004533067348292412,0.09305266067488217,0,Low Vol
2023-08-07,435.33197021484375,0.008690535668191321,0.09611045349054251,0,Low Vol
2023-08-08,433.4389343261719,-0.0043579702653620545,0.09794665154313896,0,Low Vol
2023-08-09,430.541259765625,-0.006707758916679023,0.09935302922556342,0,Low Vol
2023-08-10,430.6957702636719,0.00035881062777650834,0.09537480747026979,0,Low Vol
2023-08-11,430.44464111328125,-0.0005832478750083127,0.09092536695720799,0,Low Vol
2023-08-14,432.8206787109375,0.0055047817701078675,0.09319897935506827,0,Low Vol
2023-08-15,427.7788391113281,-0.011717174315867092,0.10039283604431831,0,Low Vol
2023-08-16,424.6397399902344,-0.007365192144689206,0.09810965828138653,0,Low Vol
2023-08-17,421.40399169921875,-0.00764916504123078,0.09927969207172398,0,Low Vol
2023-08-18,421.6069030761719,0.00048139681735854167,0.09815271369795642,0,Low Vol
2023-08-21,424.3499450683594,0.006485086353337904,0.10204546365093148,0,Low Vol
2023-08-22,423.2005615234375,-0.002712249572345506,0.0998847086406704,0,Low Vol
2023-08-23,427.9140625,0.011076179475242897,0.10838699172151228,0,Low Vol
2023-08-24,421.9835510253906,-0.013956052206167534,0.11668053084476616,0,Low Vol
2023-08-25,424.9584655761719,0.0070251014291454516,0.11937919321143062,0,Low Vol
2023-08-28,427.6533203125,0.006321431992621138,0.11591669092096832,0,Low Vol
2023-08-29,433.83489990234375,0.01435117866744139,0.12791961684059105,0,Low Vol
2023-08-30,435.621826171875,0.004110449046866304,0.12885250185244987,0,Low Vol
2023-08-31,434.98431396484375,-0.0014645252120037717,0.11935010204943776,0,Low Vol
2023-09-01,435.7956848144531,0.001863550117271419,0.11903027459345886,0,Low Vol
2023-09-05,433.91217041015625,-0.00433137941131599,0.11893019400797451,0,Low Vol
2023-09-06,430.9952087402344,-0.006745167863560886,0.11714753143709654,0,Low Vol
2023-09-07,429.6719970703125,-0.0030748533313187856,0.11669534501830268,0,Low Vol
2023-09-08,430.3191223144531,0.0015049582529247966,0.11456426959310419,0,Low Vol
2023-09-11,433.149169921875,0.00655509360705635,0.11681422539603463,0,Low Vol
2023-09-12,430.7731018066406,-0.005500666400463619,0.11849695812500037,0,Low Vol
2023-09-13,431.2753601074219,0.00116526710458604,0.11691662932638425,0,Low Vol
2023-09-14,434.99395751953125,0.008585367569750917,0.11273051304560686,0,Low Vol
2023-09-15,429.7530212402344,-0.012121465766840131,0.11814345165513057,0,Low Vol
2023-09-18,430.0050048828125,0.0005861734165590067,0.11430661259176722,0,Low Vol
2023-09-19,429.1132507324219,-0.002075976071574296,0.11478442939050316,0,Low Vol
2023-09-20,425.1683349609375,-0.009235699045078765,0.11791923102930257,0,Low Vol
2023-09-21,418.1409912109375,-0.016666497565824345,0.13125400982383667,0,Low Vol
2023-09-22,417.20074462890625,-0.002251167249925792,0.12428496976783582,0,Low Vol
2023-09-25,418.9551696777344,0.00419641263886347,0.11648654730001068,0,Low Vol
2023-09-26,412.8002014160156,-0.014800218495059041,0.12342132967075563,0,Low Vol
2023-09-27,412.9649658203125,0.0003990587470160937,0.12043250565002842,0,Low Vol
2023-09-28,415.3591003417969,0.005780687260504063,0.10920835642540745,0,Low Vol
2023-09-29,414.35107421875,-0.0024298282699379537,0.10686786275016302,0,Low Vol
2023-10-02,414.186279296875,-0.0003977972105877478,0.10704722274220711,0,Low Vol
2023-10-03,408.6418762207031,-0.013476658408995517,0.11251967249456495,0,Low Vol
2023-10-04,411.6176452636719,0.0072557087605537186,0.1179050549623292,0,Low Vol
2023-10-05,411.4624938964844,-0.00037700185350959483,0.11708492170805179,0,Low Vol
2023-10-06,416.3477783203125,0.011803045462244248,0.12665029128218902,0,Low Vol
2023-10-09,419.01336669921875,0.006381904262498886,0.12920922968836915,0,Low Vol
2023-10-10,421.1942443847656,0.005191294519541456,0.12825166085952885,0,Low Vol
2023-10-11,422.9195556640625,0.004087869862547289,0.1286261019031968,0,Low Vol
2023-10-12,420.3412170410156,-0.006115182257597862,0.12963871658255602,0,Low Vol
2023-10-13,418.2475891113281,-0.0049932273463283595,0.12515011814700905,0,Low Vol
2023-10-16,422.64813232421875,0.01046641877806628,0.12629135970173633,0,Low Vol
2023-10-17,422.6287536621094,-4.5851631421735487e-05,0.1262232999731303,0,Low Vol
2023-10-18,416.9971618652344,-0.013414727071155982,0.13353981300740556,0,Low Vol
2023-10-19,413.3332824707031,-0.008825168820850613,0.1332421376749734,0,Low Vol
2023-10-20,408.2542419433594,-0.01236412452638378,0.12772770194467206,0,Low Vol
2023-10-23,407.5466613769531,-0.0017346897777655264,0.12768358405567884,0,Low Vol
2023-10-24,410.6192321777344,0.007510910121239512,0.1299174901847179,0,Low Vol
2023-10-25,404.7259826660156,-0.0144560905842104,0.12946013621456343,0,Low Vol
2023-10-26,399.87957763671875,-0.012046806235743003,0.13490197884606744,0,Low Vol
2023-10-27,398.0670166015625,-0.004543071342799582,0.13256962725732363,0,Low Vol
2023-10-30,402.826171875,0.01188475906653617,0.1410231512081444,1,High Vol
2023-10-31,405.3560791015625,0.006260754890971976,0.143451070379751,1,High Vol
2023-11-01,409.6790771484375,0.010608226048089182,0.14135951310351322,1,High Vol
2023-11-02,417.5303649902344,0.018983157625556784,0.1540828558097316,1,High Vol
2023-11-03,421.3395690917969,0.009081813827111904,0.156727174807137,1,High Vol
2023-11-06,422.30889892578125,0.002297948250443544,0.15195713725038523,1,High Vol
2023-11-07,423.51080322265625,0.0028419889080233724,0.1507727723805998,1,High Vol
2023-11-08,423.82098388671875,0.0007321351155159147,0.1498159416802805,1,High Vol
2023-11-09,420.51568603515625,-0.007829376251478714,0.1516915504112347,1,High Vol
2023-11-10,427.0777587890625,0.015484319530637641,0.15946157789528698,1,High Vol
2023-11-13,426.6706848144531,-0.0009536158068763617,0.15823540173930478,1,High Vol
2023-11-14,434.9483947753906,0.01921490561593442,0.16749626417974878,1,High Vol
2023-11-15,435.86920166015625,0.0021148107978554995,0.16743399583541851,1,High Vol
2023-11-16,436.4023132324219,0.001222352511901366,0.1584776336497246,1,High Vol
2023-11-17,436.9451599121094,0.001243140368042585,0.15343704351039664,1,High Vol
2023-11-20,440.3085632324219,0.007668066175206607,0.14415759765790678,1,High Vol
2023-11-21,439.34893798828125,-0.0021818164990036032,0.1443742132094694,1,High Vol
2023-11-22,441.0451965332031,0.003853411960295107,0.1436730698164222,1,High Vol
2023-11-24,441.31658935546875,0.0006151509169234858,0.1287809560087394,0,Low Vol
2023-11-27,440.5218200683594,-0.001802528657874383,0.11691845906878882,0,Low Vol
2023-11-28,440.9579772949219,0.0009896024014654549,0.11296543319567298,0,Low Vol
2023-11-29,440.6477966308594,-0.0007036720630361266,0.11152768900260071,0,Low Vol
2023-11-30,442.38275146484375,0.003929551633820193,0.11129639697996413,0,Low Vol
2023-12-01,444.9999084472656,0.005898615533123862,0.10903230603185497,0,Low Vol
2023-12-04,442.6639099121094,-0.005263262689046162,0.09874223507624946,0,Low Vol
2023-12-05,442.5766906738281,-0.00019705205230246317,0.09649082444128444,0,Low Vol
2023-12-06,440.79327392578125,-0.004037762755163013,0.09899066431653776,0,Low Vol
2023-12-07,444.1566162109375,0.007601240514971627,0.10083227803262262,0,Low Vol
2023-12-08,446.0661315917969,0.004289978691554495,0.10090328247560665,0,Low Vol
2023-12-11,447.8011169433594,0.003881980312455807,0.09379637897470189,0,Low Vol
2023-12-12,449.84637451171875,0.004556936051376139,0.08240817199408802,0,Low Vol
2023-12-13,456.0498046875,0.013695889852565308,0.09000713322834868,0,Low Vol
2023-12-14,457.5134582519531,0.003204276870916835,0.06858672418473089,0,Low Vol
2023-12-15,456.7601623535156,-0.0016478569476804552,0.07001342721939435,0,Low Vol
2023-12-18,459.3294982910156,0.005609369442521943,0.07086257934008587,0,Low Vol
2023-12-19,462.1225891113281,0.0060623865590471344,0.07179879254188953,0,Low Vol
2023-12-20,455.7187805175781,-0.013954290401301904,0.08967043381095952,0,Low Vol
2023-12-21,460.0399169921875,0.009437351908635478,0.09242490863795945,0,Low Vol
2023-12-22,460.96441650390625,0.002007590602140835,0.09222765445423693,0,Low Vol
2023-12-26,462.9107971191406,0.004213520324310477,0.09233827777325343,0,Low Vol
2023-12-27,463.7478332519531,0.0018065689630054169,0.09116923786220689,0,Low Vol
2023-12-28,463.92303466796875,0.00037772322955768927,0.09131697752384117,0,Low Vol
2023-12-29,462.5799865722656,-0.0028991789678680766,0.09257063219179602,0,Low Vol
2024-01-02,459.9911804199219,-0.005612169640267897,0.09629724721373203,0,Low Vol
2024-01-03,456.234619140625,-0.008200123443312514,0.10110936857044131,0,Low Vol
2024-01-04,454.7650451660156,-0.003226291527682005,0.09970846354870457,0,Low Vol
2024-01-05,455.3879089355469,0.0013687015220042785,0.09956278129999167,0,Low Vol
2024-01-08,461.88897705078125,0.014174949938735193,0.10684732624226433,0,Low Vol
2024-01-09,461.1882629394531,-0.0015182136782603917,0.10573110737600495,0,Low Vol
2024-01-10,463.79644775390625,0.005639426677366785,0.10623497714166286,0,Low Vol
2024-01-11,463.59210205078125,-0.00044069059613725917,0.10625166683722737,0,Low Vol
2024-01-12,463.9132995605469,0.0006926051795439928,0.1057618071595008,0,Low Vol
2024-01-16,462.21014404296875,-0.0036780354700166754,0.09722853895623734,0,Low Vol
2024-01-17,459.640869140625,-0.005574179597774228,0.09904860783499964,0,Low Vol
2024-01-18,463.7283935546875,0.00885355681497499,0.10314766120562809,0,Low Vol
2024-01-19,469.5093078613281,0.012389101383947368,0.10966400894227044,0,Low Vol
2024-01-22,470.50201416015625,0.0021121164067148695,0.10823062696536999,0,Low Vol
2024-01-23,471.8741760253906,0.0029121339211362024,0.09398313198643335,0,Low Vol
2024-01-24,472.3900146484375,0.0010925727766769925,0.08962550041615103,0,Low Vol
2024-01-25,474.9593200683594,0.0054242117987263316,0.09075817714040624,0,Low Vol
2024-01-26,474.3558349609375,-0.00127141168139698,0.0906229579655842,0,Low Vol
2024-01-29,478.1125183105469,0.00788835202135147,0.09356820390842142,0,Low Vol
2024-01-30,477.7427062988281,-0.0007737825156976397,0.09381957073529543,0,Low Vol
2024-01-31,469.9472351074219,-0.01645189355712125,0.11168600043170142,0,Low Vol
2024-02-01,476.09796142578125,0.013003211698955009,0.11681811383712742,0,Low Vol
2024-02-02,481.1099853515625,0.010472269369756669,0.11489424446912405,0,Low Vol
2024-02-05,479.3582458496094,-0.003647682218679169,0.11516910912232489,0,Low Vol
2024-02-06,480.7499694824219,0.002899099466806998,0.1151003568268558,0,Low Vol
2024-02-07,484.7596130371094,0.008305803853538827,0.10930076656771044,0,Low Vol
2024-02-08,484.9736633300781,0.00044146220751951,0.10864675012535863,0,Low Vol
2024-02-09,487.7765808105469,0.0057628877599908345,0.10869404007417882,0,Low Vol
2024-02-12,487.5624694824219,-0.0004390500544402888,0.10869349988869709,0,Low Vol
2024-02-13,480.84722900390625,-0.013868816318248762,0.12241509280753565,0,Low Vol
2024-02-14,485.2170104980469,0.00904662675184559,0.12329481154826684,0,Low Vol
2024-02-15,488.56488037109375,0.006876042972305404,0.12077700714554916,0,Low Vol
2024-02-16,486.13189697265625,-0.00499229813435476,0.12170618852864348,0,Low Vol
2024-02-20,483.45550537109375,-0.005520695489020613,0.11867600167254805,0,Low Vol
2024-02-21,483.8934020996094,0.0009053543246796712,0.1186576013078264,0,Low Vol
2024-02-22,493.90789794921875,0.020484419543620895,0.13595152829829305,1,High Vol
2024-02-23,494.24847412109375,0.0006893163774211707,0.13599908303349256,1,High Vol
2024-02-26,492.4382629394531,-0.0036692764676822323,0.13688920465215634,1,High Vol
2024-02-27,493.35308837890625,0.0018560229826467824,0.13645582612964194,1,High Vol
2024-02-28,492.7010803222656,-0.0013224590947657554,0.13506034795512742,1,High Vol
2024-02-29,494.4723205566406,0.0035885126838880936,0.13500834238028853,1,High Vol
2024-03-01,499.11456298828125,0.009344479659008196,0.12021800781136799,0,Low Vol
2024-03-04,498.57928466796875,-0.0010730313170312933,0.1150420159154597,0,Low Vol
2024-03-05,493.59637451171875,-0.010044495658969475,0.11835314054599232,0,Low Vol
2024-03-06,496.09759521484375,0.005054544343641684,0.11768060098362389,0,Low Vol
2024-03-07,501.02203369140625,0.009877407626383722,0.1210597776014832,0,Low Vol
2024-03-08,498.01483154296875,-0.006020220745794653,0.12177769966899403,0,Low Vol
2024-03-11,497.5866394042969,-0.0008601678032188753,0.12197456727185339,0,Low Vol
2024-03-12,502.93927001953125,0.010699736270215336,0.12543967681088491,0,Low Vol
2024-03-13,502.1510009765625,-0.0015685540440192407,0.12571559313759623,0,Low Vol
2024-03-14,501.1582946777344,-0.0019788645975337355,0.11368702253080365,0,Low Vol
2024-03-15,497.717041015625,-0.006890283809960355,0.1145886613442878,0,Low Vol
2024-03-18,500.675048828125,0.00592556070462299,0.11404261243538612,0,Low Vol
2024-03-19,503.4574279785156,0.005541870890081214,0.11270566204327069,0,Low Vol
2024-03-20,508.11407470703125,0.009206822473191184,0.11241687704132236,0,Low Vol
2024-03-21,509.7930908203125,0.0032989602448828767,0.1123299942398209,0,Low Vol
2024-03-22,508.82672119140625,-0.0018974104124716946,0.09206580320570516,0,Low Vol
2024-03-25,507.4208984375,-0.002766695091833191,0.0931816583406622,0,Low Vol
2024-03-26,506.48370361328125,-0.0018486849536712363,0.09217803676533967,0,Low Vol
2024-03-27,510.74017333984375,0.00836884517893104,0.0953447243798905,0,Low Vol
2024-03-28,510.6424560546875,-0.00019134315121904465,0.09498032104673834,0,Low Vol
2024-04-01,509.7540283203125,-0.0017413387295518018,0.09544070005667538,0,Low Vol
2024-04-02,506.5130615234375,-0.006378200802770601,0.09458981291389157,0,Low Vol
2024-04-03,507.06939697265625,0.0010977607207473706,0.09437558620787918,0,Low Vol
2024-04-04,500.8800964355469,-0.012281127913116861,0.09786848374757623,0,Low Vol
2024-04-05,506.1127014160156,0.01039263058870941,0.10250016368060079,0,Low Vol
2024-04-08,506.3958740234375,0.0005593485757530947,0.09722303552653073,0,Low Vol
2024-04-09,506.98162841796875,0.001156043938918036,0.09428532624321935,0,Low Vol
2024-04-10,501.9051208496094,-0.010063667535723452,0.10150249025253678,0,Low Vol
2024-04-11,505.69293212890625,0.007518532040234955,0.09797665838289427,0,Low Vol
2024-04-12,498.7128601074219,-0.013899132095850069,0.10950860288980552,0,Low Vol
2024-04-15,492.46490478515625,-0.01260730072771746,0.11743119140343868,0,Low Vol
2024-04-16,491.5667724609375,-0.0018254139462742867,0.11543324989043112,0,Low Vol
2024-04-17,488.6575012207031,-0.005935947233307919,0.11430217820717194,0,Low Vol
2024-04-18,487.65203857421875,-0.0020597217603028615,0.11169232748879687,0,Low Vol
2024-04-19,483.3956298828125,-0.008766687960013847,0.10720872174736126,0,Low Vol
2024-04-22,487.8472595214844,0.009166936223140014,0.11289774970679482,0,Low Vol
2024-04-23,493.6363525390625,0.01179675357205064,0.1227378289957141,0,Low Vol
2024-04-24,493.402099609375,-0.00047465817279098024,0.12268323033798181,0,Low Vol
2024-04-25,491.5276794433594,-0.0038062052113857162,0.12297374196460206,0,Low Vol
2024-04-26,496.18438720703125,0.009429351780170169,0.12408802420572874,0,Low Vol
2024-04-29,497.94158935546875,0.0035351736498407723,0.12520306568136563,0,Low Vol
2024-04-30,490.0535888671875,-0.01596802953489481,0.13527340215225647,1,High Vol
2024-05-01,488.4622802734375,-0.0032524970657524395,0.1343933455630814,0,Low Vol
2024-05-02,493.0310974121094,0.009309996874314375,0.13948349840149116,1,High Vol
2024-05-03,499.1423645019531,0.012319104696047115,0.1411846841916065,1,High Vol
2024-05-06,504.2969665527344,0.010273959236030143,0.14107341982184574,1,High Vol
2024-05-07,504.8533935546875,0.001102763434147798,0.14112142575005795,1,High Vol
2024-05-08,504.9021911621094,9.665231507194031e-05,0.14104603438756294,1,High Vol
2024-05-09,507.8114013671875,0.00574539184458996,0.13770193805542486,1,High Vol
2024-05-10,508.465576171875,0.001287394892331957,0.13540543390229198,1,High Vol
2024-05-13,508.5337829589844,0.00013413339270914617,0.12526163805137497,0,Low Vol
2024-05-14,510.8670349121094,0.00457770091357138,0.11563941021642336,0,Low Vol
2024-05-15,517.193115234375,0.012306984504407426,0.12040314373194119,0,Low Vol
2024-05-16,516.1289672851562,-0.002059664345543783,0.11773275757800722,0,Low Vol
2024-05-17,516.8709106445312,0.0014364832035496022,0.11660507665465561,0,Low Vol
2024-05-20,517.4664916992188,0.0011516186481526074,0.10905719638980525,0,Low Vol
2024-05-21,518.7354736328125,0.002449295813828206,0.10692152605903824,0,Low Vol
2024-05-22,517.2418823242188,-0.0028834459263949743,0.10361322140093424,0,Low Vol
2024-05-23,513.4638671875,-0.007330961447818925,0.10847183582451192,0,Low Vol
2024-05-24,516.8612060546875,0.006594717081072719,0.10756037202526295,0,Low Vol
2024-05-28,517.2223510742188,0.000698483273860056,0.10457475743318737,0,Low Vol
2024-05-29,513.6005249023438,-0.007027087116653561,0.10890355035623092,0,Low Vol
2024-05-30,510.1933898925781,-0.006655924671761957,0.09384791808898504,0,Low Vol
2024-05-31,514.8402099609375,0.00906673088934706,0.09499201297935142,0,Low Vol
2024-06-03,515.2600708007812,0.0008151844455066616,0.0918290534646321,0,Low Vol
2024-06-04,515.8361206054688,0.0011173542670816954,0.08398588102467278,0,Low Vol
2024-06-05,521.9669799804688,0.011815209827926082,0.08614130719953907,0,Low Vol
2024-06-06,521.9570922851562,-1.8943322748228847e-05,0.0863169060185642,0,Low Vol
2024-06-07,521.3226928710938,-0.0012161636816533242,0.08672127734523821,0,Low Vol
2024-06-10,522.933349609375,0.0030847952034843778,0.08557157823915824,0,Low Vol
2024-06-11,524.192626953125,0.002405208120160092,0.08564106710440618,0,Low Vol
2024-06-12,528.4979858398438,0.008179768756057283,0.08856790805908808,0,Low Vol
2024-06-13,529.5621337890625,0.0020115082088186516,0.0880105003838761,0,Low Vol
2024-06-14,529.88427734375,0.0006081356475052945,0.07914881410732208,0,Low Vol
2024-06-17,534.1015625,0.007927374752491275,0.08156306077893052,0,Low Vol
2024-06-18,535.4585571289062,0.0025374830869674117,0.08161930531609142,0,Low Vol
2024-06-20,534.0040283203125,-0.00272011330779353,0.08302639048437567,0,Low Vol
2024-06-21,533.2881469726562,-0.0013414910585622976,0.08351616519331724,0,Low Vol
2024-06-24,531.5545043945312,-0.0032561507705328664,0.08376200131848313,0,Low Vol
2024-06-25,533.6015014648438,0.003843567663473732,0.07800074937254746,0,Low Vol
2024-06-26,534.2674560546875,0.0012472591725555641,0.07606208690687828,0,Low Vol
2024-06-27,535.1096801757812,0.0015751679490797151,0.07599506515111715,0,Low Vol
2024-06-28,533.0040893554688,-0.003942639085625783,0.07223138091222217,0,Low Vol
2024-07-01,534.1008911132812,0.002055659310227436,0.06541574326002697,0,Low Vol
2024-07-02,537.6952514648438,0.006707196795298655,0.06274220016947,0,Low Vol
2024-07-03,540.0948486328125,0.0044528171721015565,0.06309117558245185,0,Low Vol
2024-07-05,543.2092895507812,0.005749907876923222,0.06408417542258911,0,Low Vol
2024-07-08,543.8361206054688,0.0011532749566982353,0.0543867797801412,0,Low Vol
2024-07-09,544.3648071289062,0.0009716708588634139,0.054041045942758235,0,Low Vol
2024-07-10,549.7515869140625,0.009846892597856205,0.05909351550588564,0,Low Vol
2024-07-11,545.0113525390625,-0.008659891247896309,0.07058777495908043,0,Low Vol
2024-07-12,548.448974609375,0.006287623446889073,0.0721538092386104,0,Low Vol
2024-07-15,549.957275390625,0.0027463458611404206,0.06881411200180416,0,Low Vol
2024-07-16,553.2185668945312,0.005912567842231731,0.07020985577360903,0,Low Vol
2024-07-17,545.4618530273438,-0.014120289404583713,0.08988456003454688,0,Low Vol
2024-07-18,541.27001953125,-0.007714606319595706,0.09183874015117757,0,Low Vol
2024-07-19,537.6756591796875,-0.0066627518313295666,0.09491560882395397,0,Low Vol
2024-07-22,543.2191162109375,0.010257253083666889,0.10037934220603667,0,Low Vol
2024-07-23,542.366943359375,-0.0015699778365581333,0.1004442833859241,0,Low Vol
2024-07-24,530.0755615234375,-0.022923224338727746,0.12939381208355671,0,Low Vol
2024-07-25,527.3136596679688,-0.005224014168507667,0.12969513275045713,0,Low Vol
2024-07-26,533.219482421875,0.011137575184892386,0.13581676773333973,1,High Vol
2024-07-29,533.5328979492188,0.0005876069125860719,0.1357069284162941,1,High Vol
2024-07-30,530.8297729492188,-0.005079341629614852,0.13616455763735977,1,High Vol
2024-07-31,539.4581909179688,0.016123894118010303,0.14735517982211901,1,High Vol
2024-08-01,531.8189697265625,-0.014262136750138165,0.1539382383539947,1,High Vol
2024-08-02,521.9172973632812,-0.018794007802899755,0.16512681376122573,1,High Vol
2024-08-05,506.7171630859375,-0.029556156969170244,0.18883549979058403,1,High Vol
2024-08-06,511.3889465332031,0.009177464300609344,0.19322090841825007,1,High Vol
2024-08-07,507.9707946777344,-0.0067064933581381546,0.19309829564333156,1,High Vol
2024-08-08,519.7137451171875,0.022854214706919233,0.2088658810644947,1,High Vol
2024-08-09,522.00537109375,0.004399707440450255,0.20905062506490366,1,High Vol
2024-08-12,522.2797241210938,0.0005254370380520798,0.20709749089823576,1,High Vol
2024-08-13,530.868896484375,0.016311777161781584,0.21640778406772565,1,High Vol
2024-08-14,532.543701171875,0.0031498706634310713,0.21539538937609864,1,High Vol
2024-08-15,541.671630859375,0.01699500857259861,0.21991695954430915,1,High Vol
2024-08-16,542.8860473632812,0.002239469667383563,0.21840469408964677,1,High Vol
2024-08-19,548.0767822265625,0.009515950300571948,0.21924258603423558,1,High Vol
2024-08-20,547.1856079101562,-0.0016273260564742046,0.21671068187425077,1,High Vol
2024-08-21,549.0659790039062,0.003430549994761013,0.2168457712296379,1,High Vol
2024-08-22,544.7566528320312,-0.007879428239905761,0.20205442291295553,1,High Vol
2024-08-23,550.544921875,0.010569368402715641,0.20303269592176545,1,High Vol
2024-08-26,549.2325439453125,-0.0023866256463959076,0.20080092371449376,1,High Vol
2024-08-27,549.9866333007812,0.0013720457018523214,0.20077887861842536,1,High Vol
2024-08-28,546.7938842773438,-0.005822054624054497,0.20109926582722756,1,High Vol
2024-08-29,546.8427734375,8.940658644515099e-05,0.19385855012202338,1,High Vol
2024-08-30,552.0629272460938,0.009500711609878811,0.1882259535389666,1,High Vol
2024-09-03,540.7020263671875,-0.02079369435930284,0.19108561266587704,1,High Vol
2024-09-04,539.5953369140625,-0.0020488615040308513,0.15472075882451078,1,High Vol
2024-09-05,538.2828979492188,-0.0024352279710155326,0.15410105807447863,1,High Vol
2024-09-06,529.2235717773438,-0.01697328104557086,0.16546479384326568,1,High Vol
2024-09-09,535.1488647460938,0.01113398651894169,0.15117350637320243,1,High Vol
2024-09-10,537.4797973632812,0.004346212941568779,0.15116021642015923,1,High Vol
2024-09-11,542.9937744140625,0.010206681706174558,0.15415230527638912,1,High Vol
2024-09-12,547.5675048828125,0.008387895979130387,0.1470682075719684,1,High Vol
2024-09-13,550.4274291992188,0.005209369725192486,0.14753606876224357,1,High Vol
2024-09-16,551.240234375,0.0014755907795741706,0.13647594524994444,1,High Vol
2024-09-17,551.4655151367188,0.00040859633669759293,0.13638568863956665,1,High Vol
2024-09-18,549.8300170898438,-0.0029701369002973965,0.13308881525669253,0,Low Vol
2024-09-19,559.2125244140625,0.016920417068611568,0.14494535476509796,1,High Vol
2024-09-20,558.245849609375,-0.0017301316421127779,0.1449732684935993,1,High Vol
2024-09-23,559.640869140625,0.002495816851555552,0.1415713091513274,1,High Vol
2024-09-24,561.2421264648438,0.0028571374885391996,0.13766448196244352,1,High Vol
2024-09-25,560.0042724609375,-0.0022079972930059673,0.1376118608773553,1,High Vol
2024-09-26,562.2244873046875,0.003956800645357593,0.1380084136782615,1,High Vol
2024-09-27,561.4091796875,-0.0014511985253252875,0.1360840649252691,1,High Vol
2024-09-30,563.6587524414062,0.0039990043047195365,0.136335422373684,1,High Vol
2024-10-01,558.6093139648438,-0.00899869238281433,0.13761307652035396,1,High Vol
2024-10-02,558.8450927734375,0.000421992719650843,0.11367261795785408,0,Low Vol
2024-10-03,557.8234252929688,-0.001829849680570939,0.11358722589755768,0,Low Vol
2024-10-04,562.892578125,0.009046337139021374,0.11541938269874336,0,Low Vol
2024-10-07,557.8037719726562,-0.009081569912770038,0.10134166584929395,0,Low Vol
2024-10-08,563.0791625976562,0.009412989374939376,0.09965653791004606,0,Low Vol
2024-10-09,566.9793701171875,0.006902692015959659,0.10066665767276947,0,Low Vol
2024-10-10,565.9871215820312,-0.0017515942371071475,0.09767678040836944,0,Low Vol
2024-10-11,569.3764038085938,0.0059704089810214845,0.09602188280738892,0,Low Vol
2024-10-14,574.0330200195312,0.008145187294726026,0.09783373404743173,0,Low Vol
2024-10-15,569.5728759765625,-0.007800181290675205,0.10356837349735759,0,Low Vol
2024-10-16,572.0484008789062,0.004336865180397527,0.10391251434769981,0,Low Vol
2024-10-17,572.09765625,8.60997961183024e-05,0.10269738912472944,0,Low Vol
2024-10-18,574.2982177734375,0.0038391000457744296,0.08743914771835239,0,Low Vol
2024-10-21,573.3550415039062,-0.001643661052236779,0.0874023002312443,0,Low Vol
2024-10-22,573.0505981445312,-0.0005311267774732854,0.08749706457252587,0,Low Vol
2024-10-23,567.814208984375,-0.009179748378525,0.0941793162842395,0,Low Vol
2024-10-24,569.0423583984375,0.002160606583225333,0.09377981554287466,0,Low Vol
2024-10-25,568.8458251953125,-0.0003454350047973738,0.0931151957540027,0,Low Vol
2024-10-28,570.6043090820312,0.0030865506613739747,0.09320854301850813,0,Low Vol
2024-10-29,571.5278930664062,0.0016172982146063987,0.09253279597730271,0,Low Vol
2024-10-30,569.798828125,-0.003029923390207819,0.0868159518816912,0,Low Vol
2024-10-31,558.62890625,-0.01979796557404637,0.11273586162074879,0,Low Vol
2024-11-01,560.9866943359375,0.004211787635208497,0.11345308708386408,0,Low Vol
2024-11-04,559.7783813476562,-0.002156229673194798,0.10908605080738142,0,Low Vol
2024-11-05,566.547119140625,0.012019295090288613,0.1120453101237259,0,Low Vol
2024-11-06,580.634521484375,0.024561255217756324,0.1364490721476894,1,High Vol
2024-11-07,585.1242065429688,0.007702635457239333,0.13687843325548565,1,High Vol
2024-11-08,587.65869140625,0.004322179004008492,0.13667735430322633,1,High Vol
2024-11-11,588.2186889648438,0.0009524761854902485,0.13584603032008682,1,High Vol
2024-11-12,586.3914184570312,-0.0031112825784092575,0.13455083007729018,0,Low Vol
2024-11-13,586.6763305664062,0.0004857556014381712,0.13071836443286963,0,Low Vol
2024-11-14,582.9039916992188,-0.006450778756702175,0.1329954956571072,0,Low Vol
2024-11-15,575.437744140625,-0.012891447710536734,0.14132728440793127,1,High Vol
2024-11-18,577.7955322265625,0.004089010297291547,0.14140927357134805,1,High Vol
2024-11-19,579.9075927734375,0.003648712427977012,0.14168600560831573,1,High Vol
2024-11-20,580.1040649414062,0.00033874171615574467,0.14163509362270865,1,High Vol
2024-11-21,583.21826171875,0.0053539834060511,0.13791233038817266,1,High Vol
2024-11-22,585.0259399414062,0.003094694863942919,0.13802585321077004,1,High Vol
2024-11-25,587.0103759765625,0.0033863079232474736,0.13806416378637168,1,High Vol
2024-11-26,590.0753784179688,0.005207792817385251,0.1385665518513933,1,High Vol
2024-11-27,588.2874755859375,-0.003034556287908613,0.13949223406575043,1,High Vol
2024-11-29,591.9420166015625,0.0061929526756002665,0.139480250118309,1,High Vol
2024-12-02,593.0028686523438,0.001790551353761599,0.11527847319357874,0,Low Vol
2024-12-03,593.2779541015625,0.0004637779670260058,0.11544896820895334,0,Low Vol
2024-12-04,596.9619750976562,0.0061904035822566775,0.11467509456067698,0,Low Vol
2024-12-05,595.9795532226562,-0.0016470582568723243,0.11093672844022996,0,Low Vol
2024-12-06,597.109375,0.0018939445138458088,0.07629198554162375,0,Low Vol
2024-12-09,594.0344848632812,-0.0051629313144236,0.07577207545694807,0,Low Vol
2024-12-10,592.1875610351562,-0.003113962224766218,0.07569601245616156,0,Low Vol
2024-12-11,596.7655029296875,0.007700833038749144,0.07985097136003545,0,Low Vol
2024-12-12,593.690673828125,-0.005165811223291085,0.0813847626647487,0,Low Vol
2024-12-13,593.57275390625,-0.0001986415474580235,0.08143023147286331,0,Low Vol
2024-12-16,596.1073608398438,0.004260995434072845,0.078206558900257,0,Low Vol
2024-12-17,593.6514282226562,-0.0041284605384639805,0.06289221529102286,0,Low Vol
2024-12-18,575.9584350585938,-0.030256829206204514,0.1259217338945439,0,Low Vol
2024-12-19,575.7816162109375,-0.00030704645349531975,0.12516077756359092,0,Low Vol
2024-12-20,582.6973266601562,0.011939436007075267,0.1322065036751779,0,Low Vol
2024-12-23,586.1866455078125,0.0059703602676112535,0.13252539882335918,0,Low Vol
2024-12-24,592.7020874023438,0.011053644083991754,0.13746025659912764,1,High Vol
2024-12-26,592.7415161132812,6.652144536470361e-05,0.13709927419693252,1,High Vol
2024-12-27,586.5020751953125,-0.010582205728876493,0.1410672696367776,1,High Vol
2024-12-30,579.8091430664062,-0.011477220648675521,0.1460801056528924,1,High Vol
2024-12-31,577.6997680664062,-0.0036446843989559954,0.14420155546092156,1,High Vol
2025-01-02,576.2802734375,-0.0024601731291784743,0.14385716259557987,1,High Vol
2025-01-03,583.4857788085938,0.012425951027439135,0.1515335794981901,1,High Vol
2025-01-06,586.8471069335938,0.00574424150353111,0.1512821980237541,1,High Vol
2025-01-07,580.2133178710938,-0.011368495355927684,0.15564228054714074,1,High Vol
2025-01-08,581.0609741210938,0.001459872842085627,0.15553809233507165,1,High Vol
2025-01-10,572.1896362304688,-0.015385229890816907,0.16260941199128182,1,High Vol
2025-01-13,573.076904296875,0.0015494528348148488,0.162931003260477,1,High Vol
2025-01-14,573.8653564453125,0.0013748770092878884,0.15984394587837347,1,High Vol
2025-01-15,584.303955078125,0.018026520303546564,0.17342018343233936,1,High Vol
2025-01-16,583.1802368164062,-0.0019250258231096,0.17345302081901925,1,High Vol
2025-01-17,589.035400390625,0.009989991745035336,0.17668164330291874,1,High Vol
2025-01-21,594.4270629882812,0.009111737917268138,0.17925451822774274,1,High Vol
2025-01-22,597.7686767578125,0.0056058286555815216,0.14200450082401847,1,High Vol
2025-01-23,601.0313110351562,0.005443180457231125,0.14234147328511043,1,High Vol
2025-01-24,599.2766723632812,-0.002923649506611698,0.13858427388359648,1,High Vol
2025-01-27,590.7996826171875,-0.014246368451215253,0.14747594293190475,1,High Vol
2025-01-28,595.8760986328125,0.008555743805095151,0.14543634231775343,1,High Vol
2025-01-29,593.2048950195312,-0.004492895136618664,0.14636518496629414,1,High Vol
2025-01-30,596.3885498046875,0.005352521737312045,0.14214595383434783,1,High Vol
2025-01-31,593.2146606445312,-0.005336059390659845,0.13696228377985675,1,High Vol
2025-02-03,589.2225952148438,-0.006752291637566292,0.13872711792895012,1,High Vol
2025-02-04,593.17529296875,0.006685926146732894,0.139517892533121,1,High Vol
2025-02-05,595.5803833007812,0.004046405265045614,0.13406895281871142,0,Low Vol
2025-02-06,597.6503295898438,0.003469485562323637,0.13327902947512826,0,Low Vol
2025-02-07,592.1797485351562,-0.009195631719871061,0.13095761496077493,0,Low Vol
2025-02-10,596.2013549804688,0.0067682358555795335,0.13248882746878543,0,Low Vol
2025-02-11,596.65478515625,0.0007602428865703221,0.11799708476908116,0,Low Vol
2025-02-12,594.7327270507812,-0.0032265904305730647,0.11937550022976068,0,Low Vol
2025-02-13,601.0115966796875,0.010502123597229223,0.12312660556722306,0,Low Vol
2025-02-14,600.98193359375,-4.9356481871852126e-05,0.10895989599092815,0,Low Vol
2025-02-18,602.7463989257812,0.002931669128514453,0.10842364012490807,0,Low Vol
2025-02-19,604.1658325195312,0.0023521747666686295,0.10409311696838408,0,Low Vol
2025-02-20,601.65234375,-0.004168940988582983,0.1015216081915526,0,Low Vol
2025-02-21,591.3616333007812,-0.017252045464502593,0.11695623579023948,0,Low Vol
2025-02-24,588.6705932617188,-0.0045609681557841385,0.1156639068333507,0,Low Vol
2025-02-25,585.7430419921875,-0.004985564277434553,0.11631704195278827,0,Low Vol
2025-02-26,586.0387573242188,0.0005047276523352883,0.10606300161082091,0,Low Vol
2025-02-27,576.6844482421875,-0.016090692718088075,0.11395408686391303,0,Low Vol
2025-02-28,585.6838989257812,0.015484988958083439,0.12766299671489634,0,Low Vol
2025-03-03,575.4227905273438,-0.017675163929164895,0.13857303673262855,1,High Vol
2025-03-04,568.611572265625,-0.011907507261230079,0.14255573721586487,1,High Vol
2025-03-05,574.7228393554688,0.010690354858783868,0.14795846266751836,1,High Vol
2025-03-06,564.5209350585938,-0.017910437154269213,0.15579453711039054,1,High Vol
2025-03-07,567.6849975585938,0.005589214198181434,0.15668275655419264,1,High Vol
2025-03-10,552.564453125,-0.026996599292966498,0.17683397496212466,1,High Vol
2025-03-11,547.9710083007812,-0.008347702839898438,0.17652818911436613,1,High Vol
2025-03-12,550.8788452148438,0.005292522344748348,0.1754971235951982,1,High Vol
2025-03-13,543.5352783203125,-0.013420289364922736,0.17775044895939274,1,High Vol
2025-03-14,554.7625122070312,0.02044550226756086,0.19759452710386996,1,High Vol
2025-03-17,559.0403442382812,0.0076815264770306495,0.19533843439375742,1,High Vol
2025-03-18,552.998046875,-0.010867173067830593,0.19655814702555696,1,High Vol
2025-03-19,559.0206298828125,0.010831907807836575,0.20188259756852833,1,High Vol
2025-03-20,557.4041748046875,-0.0028957726501652294,0.20075292034420444,1,High Vol
2025-03-21,557.5880126953125,0.00032975637740223734,0.20126316401292985,1,High Vol
2025-03-24,567.5736083984375,0.017750086193809182,0.2078126824657959,1,High Vol
2025-03-25,568.93798828125,0.0024009971253177113,0.20811189915709885,1,High Vol
2025-03-26,562.1458129882812,-0.01201017454148931,0.2109451166886299,1,High Vol
2025-03-27,560.6528930664062,-0.002659284863130742,0.21076433684733595,1,High Vol
2025-03-28,549.3623046875,-0.02034382556782497,0.2147958199985771,1,High Vol
2025-03-31,553.0501098632812,0.0066904524718166955,0.207656731897323,1,High Vol
2025-04-01,554.6121826171875,0.0028204874356634155,0.20110490968008773,1,High Vol
2025-04-02,558.1219482421875,0.006308384306950964,0.19940958168476022,1,High Vol
2025-04-03,530.6171875,-0.0505366499872194,0.2586246424497871,1,High Vol
2025-04-04,499.5533752441406,-0.060326384028059545,0.32180125956894073,1,High Vol
2025-04-07,498.66357421875,-0.0017827813112997293,0.31951257765196756,1,High Vol
2025-04-08,490.85308837890625,-0.015786794395784697,0.3125921196364588,1,High Vol
2025-04-09,542.4021606445312,0.09986284608912066,0.4804607547337334,1,High Vol
2025-04-10,518.6346435546875,-0.0448080471617409,0.5036538870675262,1,High Vol
2025-04-11,527.8884887695312,0.01768539294340638,0.5069612454676203,1,High Vol
2025-04-14,533.009765625,0.009654680107025373,0.5024629869401773,1,High Vol
2025-04-15,531.5169067382812,-0.0028047392406681144,0.5012538037326667,1,High Vol
2025-04-16,519.7023315429688,-0.022478798426379256,0.5053214138179667,1,High Vol
2025-04-17,520.44384765625,0.0014257923621276338,0.5031331589548834,1,High Vol
2025-04-21,508.055908203125,-0.024090503650422725,0.5081944597813648,1,High Vol
2025-04-22,521.2743530273438,0.025684995417016496,0.5186592859108038,1,High Vol
2025-04-23,529.3516845703125,0.015376528663946976,0.5175147816932077,1,High Vol
2025-04-24,540.4940185546875,0.020830549392469144,0.523979241558465,1,High Vol
2025-04-25,544.3992919921875,0.007199399733574162,0.5237849747883473,1,High Vol
2025-04-28,544.6068725585938,0.0003812293734920367,0.5238080955964826,1,High Vol
2025-04-29,548.0375366210938,0.006279582464638656,0.5197686210508754,1,High Vol
2025-04-30,548.2550659179688,0.000396845329843556,0.5191872501759965,1,High Vol
2025-05-01,552.1404418945312,0.007061810223084447,0.5197278557876488,1,High Vol
2025-05-02,560.3366088867188,0.014735252807451058,0.5218754521055335,1,High Vol
2025-05-05,557.1233520507812,-0.005751017136329908,0.4890548338642272,1,High Vol
2025-05-06,552.4667358398438,-0.00839344835526772,0.43537504520279907,1,High Vol
2025-05-07,554.7901611328125,0.004196729249441555,0.43472915333610224,1,High Vol
2025-05-08,558.65576171875,0.006943518382758819,0.4280624412841965,1,High Vol
2025-05-09,557.9440307617188,-0.0012748185307110231,0.25917040344084075,1,High Vol
2025-05-12,576.3826293945312,0.03251307324194498,0.2213200428879343,1,High Vol
2025-05-13,580.1890258789062,0.0065822298340525425,0.21661065721782394,1,High Vol
2025-05-14,580.9304809570312,0.001277138441893241,0.21604128573263973,1,High Vol
2025-05-15,583.7679443359375,0.004872452698348495,0.21458182852772026,1,High Vol
2025-05-16,587.465576171875,0.006314102279205575,0.19090233498191925,1,High Vol
2025-05-19,588.108154296875,0.0010932163119030398,0.19100259824738453,1,High Vol
2025-05-20,586.1307983398438,-0.0033678968350383067,0.1612926978148818,1,High Vol
2025-05-21,576.2540283203125,-0.01699438516452477,0.16604291243475464,1,High Vol
2025-05-22,576.4815063476562,0.00039467514179156816,0.16205288601931242,1,High Vol
2025-05-23,572.5465698242188,-0.006849183214543818,0.15413696669724772,1,High Vol
2025-05-27,584.4501953125,0.020577491444211893,0.165554041889937,1,High Vol
2025-05-28,581.0689086914062,-0.0058022148167059025,0.16832795723026434,1,High Vol
2025-05-29,583.362548828125,0.003939507281933468,0.1679633442453432,1,High Vol
2025-05-30,582.7101440429688,-0.0011189780143527213,0.16833811775526253,1,High Vol
2025-06-02,585.9924926757812,0.005617095675162658,0.16796230369556725,1,High Vol
2025-06-03,589.3341064453125,0.005686288008741855,0.1627266071281448,1,High Vol
2025-06-04,589.1759033203125,-0.00026847990197680674,0.1603562832588101,1,High Vol
2025-06-05,586.3285522460938,-0.004844484645630591,0.15772252154405592,1,High Vol
2025-06-06,592.3495483398438,0.010216612089215106,0.15974411919903506,1,High Vol
2025-06-09,592.8834228515625,0.0009008769765978307,0.1592922680193338,1,High Vol
2025-06-10,596.244873046875,0.0056536526136423855,0.15884928369233284,1,High Vol
2025-06-11,594.54443359375,-0.0028559890477173793,0.11867488522239991,0,Low Vol
2025-06-12,596.9072875976562,0.003966349722052468,0.11759815381631145,0,Low Vol
2025-06-13,590.23388671875,-0.011242927662179924,0.12543607047812622,0,Low Vol
2025-06-16,595.8494262695312,0.00946911814478643,0.12831417723793645,0,Low Vol
2025-06-17,590.7578125,-0.008581853965084374,0.1308556037387227,0,Low Vol
2025-06-18,590.6688232421875,-0.0001506471164413424,0.13082748071286934,0,Low Vol
2025-06-20,589.2816772460938,-0.0023511946213761307,0.13052449864539425,0,Low Vol
2025-06-23,595.1022338867188,0.00982891348822994,0.11836655317559829,0,Low Vol
2025-06-24,601.6764526367188,0.01098663429244116,0.12269141711144607,0,Low Vol
2025-06-25,602.0136108398438,0.0005602076849731048,0.11854441371183426,0,Low Vol
2025-06-26,606.7236328125,0.0077933328130199795,0.10077021439760554,0,Low Vol
2025-06-27,609.738037109375,0.0049560303319852355,0.09740449211181865,0,Low Vol
2025-06-30,612.6533203125,0.004769812405140535,0.09762352140099674,0,Low Vol
2025-07-01,612.455078125,-0.000323632079386807,0.09730754504684849,0,Low Vol
2025-07-02,615.2315673828125,0.004523131373282762,0.09692071211992456,0,Low Vol
2025-07-03,620.0804443359375,0.007850489285618446,0.09815036012691322,0,Low Vol
2025-07-07,615.45947265625,-0.007480119682479856,0.10366524821231157,0,Low Vol
2025-07-08,615.1224365234375,-0.0005477670990051176,0.10108632299463549,0,Low Vol
2025-07-09,618.8110961914062,0.005978718557821743,0.09791160366586396,0,Low Vol
2025-07-10,620.5562744140625,0.002816242249871216,0.09784548774368654,0,Low Vol
2025-07-11,618.3748779296875,-0.0035214204347524193,0.09888880286156763,0,Low Vol
2025-07-14,619.5548095703125,0.0019062988954211628,0.09746864513377392,0,Low Vol
2025-07-15,616.9072875976562,-0.004282421636416066,0.09949893502445122,0,Low Vol
2025-07-16,618.9697265625,0.003337615079474222,0.08799729161766161,0,Low Vol
2025-07-17,622.7576293945312,0.006101040721242929,0.08525307024202429,0,Low Vol
2025-07-18,622.301513671875,-0.0007326812474744512,0.07677163990849042,0,Low Vol
2025-07-21,623.4815063476562,0.0018943796948635745,0.07621450966133335,0,Low Vol
2025-07-22,623.5707397460938,0.00014311092236799798,0.07465722299860228,0,Low Vol
2025-07-23,628.875732421875,0.008471458892609137,0.07315542938981805,0,Low Vol
2025-07-24,629.083984375,0.0003310947914258314,0.066857350755629,0,Low Vol
2025-07-25,631.741455078125,0.004215452124055922,0.06698096700407993,0,Low Vol
2025-07-28,631.5828247070312,-0.00025113167611154325,0.06440835280802455,0,Low Vol
2025-07-29,629.9169311523438,-0.002641133326156579,0.06525563032717217,0,Low Vol
2025-07-30,629.1236572265625,-0.0012601246347007209,0.06484917926631167,0,Low Vol
2025-07-31,626.763671875,-0.0037582800219577626,0.06696513109895229,0,Low Vol
2025-08-01,616.49072265625,-0.016526276638686863,0.08936063879610343,0,Low Vol
2025-08-04,625.861328125,0.015085551910884105,0.100135187349058,0,Low Vol
2025-08-05,622.688232421875,-0.005082861962277747,0.09806855982579277,0,Low Vol
2025-08-06,627.457763671875,0.0076303958197283745,0.10095814520903892,0,Low Vol
2025-08-07,626.9322509765625,-0.0008378777253005703,0.09942604128607968,0,Low Vol
2025-08-08,631.8207397460938,0.007767232145418116,0.10224279844915762,0,Low Vol
2025-08-11,630.5713500976562,-0.001979400958573456,0.10154800433794829,0,Low Vol
2025-08-12,637.284423828125,0.010589747830358579,0.10691326466397753,0,Low Vol
2025-08-13,639.4659423828125,0.00341730182405768,0.10512015784323439,0,Low Vol
2025-08-14,639.525390625,9.296113381862763e-05,0.10508813680544485,0,Low Vol
2025-08-15,638.028076171875,-0.0023440351854111465,0.1045563483404198,0,Low Vol
2025-08-18,637.8893432617188,-0.00021746377718483948,0.10445441739970052,0,Low Vol
2025-08-19,634.4286499023438,-0.005439995209500652,0.10688243400742431,0,Low Vol
2025-08-20,632.742919921875,-0.002660619942930772,0.1075482932699343,0,Low Vol
2025-08-21,630.2045288085938,-0.0040197943848472115,0.10483914660132976,0,Low Vol
2025-08-22,639.8824462890625,0.015240066208511864,0.11723995623407955,0,Low Vol
2025-08-25,637.0662841796875,-0.0044107748539399735,0.11788964786884466,0,Low Vol
2025-08-26,639.733642578125,0.004178199298032501,0.11857804438954107,0,Low Vol
2025-08-27,641.1912841796875,0.002275921406955702,0.11810147711135217,0,Low Vol
2025-08-28,643.4619750976562,0.0035351068723046006,0.11819279349142527,0,Low Vol
2025-08-29,639.6245727539062,-0.00598153537129435,0.11958065847307812,0,Low Vol
2025-09-02,634.8848266601562,-0.007437792057767281,0.10622714237240218,0,Low Vol
2025-09-03,638.3255615234375,0.005404830609553795,0.09523737960407601,0,Low Vol
2025-09-04,643.6603393554688,0.008322725893241605,0.09587677379154298,0,Low Vol
2025-09-05,641.796142578125,-0.0029004452666213996,0.09442885964298314,0,Low Vol
2025-09-08,643.372802734375,0.0024536244094511164,0.09427659110707291,0,Low Vol
2025-09-09,644.8601684570312,0.0023091574533954592,0.09136068508475959,0,Low Vol
2025-09-10,646.7243041992188,0.002886589419501328,0.09093353306702369,0,Low Vol
2025-09-11,652.0988159179688,0.008276018976888762,0.08823791458290584,0,Low Vol
2025-09-12,651.8805541992188,-0.0003347625365709058,0.08795009810767321,0,Low Vol
2025-09-15,655.3511352539062,0.00530983028777682,0.0891832817354309,0,Low Vol
2025-09-16,654.4488525390625,-0.0013777414352981307,0.08876620227229107,0,Low Vol
2025-09-17,653.6357421875,-0.0012432077551662243,0.08904473053894803,0,Low Vol
2025-09-18,656.6897583007812,0.0046614702106894034,0.08644684409493453,0,Low Vol
2025-09-19,659.9423217773438,0.004940742584484226,0.08568661212421455,0,Low Vol
2025-09-22,663.0645141601562,0.0047198519222895665,0.08325895249675656,0,Low Vol
2025-09-23,659.4551391601562,-0.005458344535398913,0.0733920526181062,0,Low Vol
2025-09-24,657.3569946289062,-0.003186705609680798,0.07227765703404261,0,Low Vol
2025-09-25,654.3242797851562,-0.004624172513464782,0.07455344431638505,0,Low Vol
2025-09-26,658.072998046875,0.005712795234045289,0.07618445022839371,0,Low Vol
2025-09-29,659.9224243164062,0.0028064247447203627,0.07594901043520012,0,Low Vol
2025-09-30,662.4082641601562,0.0037597898827210047,0.0717171251206892,0,Low Vol
2025-10-01,664.6654663085938,0.0034017768166523053,0.06376789447258933,0,Low Vol
2025-10-02,665.4309692382812,0.001151048892017506,0.06275429174332314,0,Low Vol
2025-10-03,665.421142578125,-1.4767471260179647e-05,0.058648904672471344,0,Low Vol
2025-10-06,667.8074951171875,0.003579813724412676,0.05666934537420342,0,Low Vol
2025-10-07,665.3316040039062,-0.0037143820348426687,0.05983836954359353,0,Low Vol
2025-10-08,669.2990112304688,0.005945343779221919,0.061680169499195345,0,Low Vol
2025-10-09,667.3600463867188,-0.002901212830195306,0.06359056588645773,0,Low Vol
2025-10-10,649.32275390625,-0.027399797306962,0.11498351448939731,0,Low Vol
2025-10-13,659.2860107421875,0.01522754489520044,0.12679045741909675,0,Low Vol
2025-10-14,658.4805908203125,-0.0012224016319925188,0.12570737513548172,0,Low Vol
2025-10-15,661.4039916992188,0.004429789843934252,0.12638133345186695,0,Low Vol
2025-10-16,656.899658203125,-0.006833556176281727,0.12881506850206448,0,Low Vol
2025-10-17,660.62841796875,0.005660250871856184,0.12929287864009087,0,Low Vol
2025-10-20,667.499267578125,0.010346762560389149,0.13304751915236998,0,Low Vol
2025-10-21,667.4892578125,-1.4996032452460858e-05,0.13218243464001186,0,Low Vol
2025-10-22,664.0191040039062,-0.00521237682733995,0.13204971026876963,0,Low Vol
2025-10-23,667.9566650390625,0.00591237858353294,0.13275781268845832,0,Low Vol
2025-10-24,673.4155883789062,0.008139356488562998,0.13359343690548248,0,Low Vol
2025-10-27,681.3603515625,0.011728661579555206,0.13762244135818252,1,High Vol
2025-10-28,683.1700439453125,0.0026524780243792965,0.1376072586588145,1,High Vol
2025-10-29,683.4981689453125,0.0004801823927854593,0.13744216774540577,1,High Vol
2025-10-30,675.98095703125,-0.011059071647525216,0.14388873016865225,1,High Vol
2025-10-31,678.1983642578125,0.0032749122269395553,0.1441411747619143,1,High Vol
2025-11-03,679.4711303710938,0.001874928310857186,0.14413788616069315,1,High Vol
2025-11-04,671.4169921875,-0.011924353295924664,0.15050041069441034,1,High Vol
2025-11-05,673.7437133789062,0.003459398571762206,0.15016672089367752,1,High Vol
2025-11-06,666.514892578125,-0.010787307565268271,0.15380238109900138,1,High Vol
2025-11-07,667.1710815429688,0.0009840232716329205,0.15353076481059388,1,High Vol
2025-11-10,677.5819091796875,0.015483937510288556,0.12666610973211798,0,Low Vol
2025-11-11,679.1329956054688,0.0022865335909522055,0.11725862791220179,0,Low Vol
2025-11-12,679.5108642578125,0.0005562438741300194,0.11691643984373468,0,Low Vol
2025-11-13,668.2350463867188,-0.016733244574677203,0.13221153666720487,0,Low Vol
2025-11-14,668.125732421875,-0.00016359948124937914,0.1295488502310107,0,Low Vol
2025-11-17,661.901123046875,-0.009360194188340132,0.1328653689238813,0,Low Vol
2025-11-18,656.3428344726562,-0.008432917870575445,0.13050713442695705,0,Low Vol
2025-11-19,658.87841796875,0.0038557567903246847,0.13148662319806836,0,Low Vol
2025-11-20,648.8355712890625,-0.015359695168779277,0.14035352415007238,1,High Vol
2025-11-21,655.2987670898438,0.009911937023691694,0.1435200010935463,1,High Vol
2025-11-24,664.9437866210938,0.014611241086193577,0.15025531062093495,1,High Vol
2025-11-25,671.1981811523438,0.009361939618760542,0.1480148825614463,1,High Vol
2025-11-26,675.8318481445312,0.00687985444759878,0.14993882508779882,1,High Vol
2025-11-28,679.5208129882812,0.0054435632273936016,0.15133292879092275,1,High Vol
2025-12-01,676.4185180664062,-0.00457586894038492,0.14712120063669243,1,High Vol
2025-12-02,677.67138671875,0.001850496049688355,0.14680785866430499,1,High Vol
2025-12-03,680.0180053710938,0.003456786217426821,0.14716925675417428,1,High Vol
2025-12-04,680.51513671875,0.0007307890626128348,0.1405902320502604,1,High Vol
2025-12-05,681.8078002929688,0.0018977350040129193,0.1402995414825186,1,High Vol
2025-12-08,679.7594604492188,-0.003008799415334641,0.13484974701335226,0,Low Vol
2025-12-09,679.1727294921875,-0.0008635176910706599,0.13499342494854785,1,High Vol
2025-12-10,683.6771850585938,0.006610371282859594,0.1260774827575796,0,Low Vol
2025-12-11,685.26806640625,0.002324244979309141,0.12608456056837394,0,Low Vol
2025-12-12,677.9000244140625,-0.010810279077722362,0.13195084950522554,0,Low Vol
2025-12-15,676.8758544921875,-0.0015119402890506838,0.11754211973369748,0,Low Vol
2025-12-16,675.0264282226562,-0.002736037133594218,0.1180924428488689,0,Low Vol
2025-12-17,667.5986938476562,-0.01106460773219221,0.12001555526883166,0,Low Vol
2025-12-18,672.6399536132812,0.007522963990016468,0.11791491897088752,0,Low Vol
2025-12-19,678.7363891601562,0.009022618958016409,0.12072386458814055,0,Low Vol
2025-12-22,682.96484375,0.006210566721978087,0.10507085042813584,0,Low Vol
2025-12-23,686.0863037109375,0.004560042005282501,0.10186279059803774,0,Low Vol
2025-12-24,688.4996948242188,0.0035114479496600164,0.09153715867020928,0,Low Vol
2025-12-26,688.4298706054688,-0.0001014201750952399,0.0872722165169264,0,Low Vol
2025-12-29,685.9765625,-0.0035699930558561223,0.0862147843354345,0,Low Vol
2025-12-30,685.138916015625,-0.0012218468855631148,0.08468143787361168,0,Low Vol
2025-12-31,680.062744140625,-0.0074365500962735335,0.0873343198205904,0,Low Vol
2026-01-02,681.309326171875,0.0018313617663269853,0.08732994277065174,0,Low Vol
2026-01-05,685.846923828125,0.006638033243240065,0.08946868677337971,0,Low Vol
2026-01-06,689.92578125,0.005929568682081867,0.09149571960824555,0,Low Vol
2026-01-07,687.701904296875,-0.0032285629973805552,0.09233712468837552,0,Low Vol
2026-01-08,687.632080078125,-0.00010153783677743937,0.09152653881215057,0,Low Vol
2026-01-09,692.1796264648438,0.006591570183952557,0.09369528299316751,0,Low Vol
2026-01-12,693.2666625976562,0.0015692219387488094,0.09142625231176661,0,Low Vol
2026-01-13,691.8804931640625,-0.002001476724789629,0.09166375059312624,0,Low Vol
2026-01-14,688.479736328125,-0.004927356850498766,0.08454072995831781,0,Low Vol
2026-01-15,690.3546142578125,0.0027195131661778946,0.08439277787671215,0,Low Vol
2026-01-16,689.7761840820312,-0.0008382252035026964,0.08360386637579129,0,Low Vol
2026-01-20,675.7345581054688,-0.020566840670864645,0.1047333663776283,0,Low Vol
2026-01-21,683.5332641601562,0.0114749889632404,0.10884977839814622,0,Low Vol
2026-01-22,687.103515625,0.005209636268787033,0.10596834281614653,0,Low Vol
2026-01-23,687.352783203125,0.00036271445090017455,0.10397312647387325,0,Low Vol
2026-01-26,690.84326171875,0.005065296757285074,0.10424803033922524,0,Low Vol
2026-01-27,693.5957641601562,0.003976348566725876,0.10443911658256548,0,Low Vol
2026-01-28,693.5259399414062,-0.00010067497120472829,0.10443907592501193,0,Low Vol
2026-01-29,692.1497192382812,-0.0019863539443873905,0.10383221916856922,0,Low Vol
2026-01-30,690.0853271484375,-0.0029870370168700792,0.10436401915030716,0,Low Vol
2026-02-02,693.5159912109375,0.004959045712933714,0.10151702765900537,0,Low Vol
2026-02-03,687.6520385742188,-0.008491346084250548,0.10653950891433901,0,Low Vol
2026-02-04,684.3211059570312,-0.004855691490926631,0.10555136861030714,0,Low Vol
2026-02-05,675.7744750976562,-0.012567856956365418,0.11150574556289844,0,Low Vol
2026-02-06,688.739013671875,0.019003005567205973,0.13079975683353914,0,Low Vol
2026-02-09,692.0599975585938,0.004810244305276485,0.13182045917852475,0,Low Vol
2026-02-10,690.2349243164062,-0.00264064386524897,0.1301422644903301,0,Low Vol
2026-02-11,690.075439453125,-0.000231085512616827,0.12999473855628116,0,Low Vol
2026-02-12,679.41455078125,-0.015569451553392327,0.14041695892034467,1,High Vol
2026-02-13,679.8931884765625,0.0007042374603937072,0.13971792936673275,1,High Vol
2026-02-17,680.9901733398438,0.0016121662321053362,0.13943905160129338,1,High Vol
2026-02-18,684.4208374023438,0.005025111493454597,0.1408120564112275,1,High Vol
2026-02-19,682.61572265625,-0.0026409180968155325,0.12066911557261165,0,Low Vol
2026-02-20,687.5523071289062,0.0072058400517004155,0.11660677127835217,0,Low Vol
2026-02-23,680.531494140625,-0.010263807839928392,0.12061396472530203,0,Low Vol
2026-02-24,685.4779052734375,0.007242165031108853,0.12352276075940562,0,Low Vol
2026-02-25,691.26220703125,0.008402945104341215,0.12581147273191085,0,Low Vol
2026-02-26,687.422607421875,-0.005569959857260949,0.12638226710969208,0,Low Vol
2026-02-27,684.1216430664062,-0.004813509630285336,0.12728080769120712,0,Low Vol
2026-03-02,684.5106201171875,0.0005684172026597193,0.1272505418025364,0,Low Vol
2026-03-03,678.4771118164062,-0.008853414553509194,0.13026560489950845,0,Low Vol
2026-03-04,683.2639770507812,0.007030536114047319,0.13161178054926803,0,Low Vol
2026-03-05,679.4544067382812,-0.005591148225550186,0.12982232425724857,0,Low Vol
2026-03-06,670.5487060546875,-0.013193791611277716,0.1363392993292409,1,High Vol
2026-03-09,676.4227294921875,0.008721878607696682,0.13343228412388217,0,Low Vol
2026-03-10,675.3356323242188,-0.001608419719141641,0.11426087790549075,0,Low Vol
2026-03-11,674.4879760742188,-0.0012559513052689201,0.11233316535014555,0,Low Vol
2026-03-12,664.2459106445312,-0.015301420789775961,0.12245015656829157,0,Low Vol
2026-03-13,660.4862060546875,-0.005676188622551868,0.12300716423232239,0,Low Vol
2026-03-16,667.2078857421875,0.010125430484197413,0.11968031816264915,0,Low Vol
2026-03-17,668.9630126953125,0.002627101016221855,0.12018196792567216,0,Low Vol
2026-03-18,659.6285400390625,-0.014051912692600945,0.12824604327450195,0,Low Vol
2026-03-19,658.0029907226562,-0.0024673819700690397,0.12603709590958193,0,Low Vol
2026-03-20,648.5700073242188,-0.01443952585884218,0.1333556316060569,0,Low Vol
2026-03-23,655.3800048828125,0.010445276906504148,0.13673615399068348,1,High Vol
2026-03-24,653.1799926757812,-0.0033624966130463346,0.13371678327087277,0,Low Vol
2026-03-25,656.8200073242188,0.005557288574735996,0.13237752995600838,0,Low Vol
2026-03-26,645.0900268554688,-0.018020135919566853,0.13766860709722833,1,High Vol
2026-03-27,634.0900268554688,-0.01719894102480063,0.1457499158634683,1,High Vol
2026-03-30,631.969970703125,-0.003349064243429706,0.1457156637591718,1,High Vol
2026-03-31,650.3400268554688,0.028653466042465783,0.18377419343364174,1,High Vol
2026-04-01,655.239990234375,0.00750622148232205,0.18531050116731246,1,High Vol
2026-04-02,655.8300170898438,0.0009000692442135715,0.18288923268488788,1,High Vol
2026-04-06,658.9299926757812,0.004715661120724013,0.18378759667193345,1,High Vol
2026-04-07,659.219970703125,0.0004399773016391101,0.1788218563900236,1,High Vol
2026-04-08,676.010009765625,0.025150609779818547,0.19789619499224395,1,High Vol
2026-04-09,679.9099731445312,0.005752513692051993,0.19879673187350777,1,High Vol
2026-04-10,679.4600219726562,-0.0006619995879319516,0.1987479910776672,1,High Vol
2026-04-13,679.4000244140625,-8.83057218325069e-05,0.19046741693337726,1,High Vol
