days_to_exp,strike,moneyness_pct,impl_vol
1,530.0,0.78,1.9238
1,540.0,0.79,1.8027
1,550.0,0.81,1.6826
1,560.0,0.82,1.5635
1,585.0,0.86,0.5
1,590.0,0.87,0.5
1,595.0,0.88,1.1548
1,600.0,0.88,1.0964
1,601.0,0.88,1.085
1,605.0,0.89,1.0381
1,612.0,0.9,0.958
1,615.0,0.91,0.9229
1,620.0,0.91,0.8643
1,623.0,0.92,0.8291
1,624.0,0.92,0.5606
1,625.0,0.92,0.8066
1,627.0,0.92,0.7832
1,628.0,0.92,0.5244
1,629.0,0.93,0.7593
1,630.0,0.93,0.5107
1,631.0,0.93,0.7356
1,632.0,0.93,0.7236
1,634.0,0.93,0.4702
1,635.0,0.93,0.4575
1,636.0,0.94,0.6758
1,637.0,0.94,0.6638
1,638.0,0.94,0.6528
1,639.0,0.94,0.4248
1,640.0,0.94,0.4224
1,641.0,0.94,0.4131
1,642.0,0.94,0.4453
1,643.0,0.95,0.3916
1,644.0,0.95,0.3789
1,645.0,0.95,0.376
1,646.0,0.95,0.5552
1,647.0,0.95,0.3574
1,648.0,0.95,0.3506
1,649.0,0.96,0.3355
1,650.0,0.96,0.3315
1,651.0,0.96,0.3247
1,652.0,0.96,0.3149
1,653.0,0.96,0.3076
1,654.0,0.96,0.2983
1,655.0,0.96,0.2905
1,656.0,0.97,0.2827
1,657.0,0.97,0.271
1,658.0,0.97,0.2651
1,659.0,0.97,0.2586
1,660.0,0.97,0.252
1,661.0,0.97,0.2481
1,662.0,0.97,0.2402
1,663.0,0.98,0.2363
1,664.0,0.98,0.2329
1,665.0,0.98,0.2273
1,666.0,0.98,0.2112
1,667.0,0.98,0.207
1,668.0,0.98,0.2028
1,669.0,0.98,0.1992
1,670.0,0.99,0.1945
1,671.0,0.99,0.1899
1,672.0,0.99,0.1849
1,673.0,0.99,0.1799
1,674.0,0.99,0.1747
1,675.0,0.99,0.1691
1,676.0,0.99,0.163
1,677.0,1.0,0.1582
1,678.0,1.0,0.1514
1,679.0,1.0,0.1458
1,680.0,1.0,0.1416
1,681.0,1.0,0.1379
1,682.0,1.0,0.1355
1,683.0,1.01,0.1329
1,684.0,1.01,0.1318
1,685.0,1.01,0.1307
1,690.0,1.02,0.1328
1,695.0,1.02,0.1465
1,700.0,1.03,0.1729
1,705.0,1.04,0.1992
1,710.0,1.04,0.2149
1,715.0,1.05,0.2461
1,720.0,1.06,0.2774
1,725.0,1.07,0.3047
1,730.0,1.07,0.3359
1,735.0,1.08,0.3672
1,740.0,1.09,0.3906
1,745.0,1.1,0.4219
1,775.0,1.14,0.5469
2,580.0,0.85,0.6758
2,605.0,0.89,0.5254
2,615.0,0.91,0.7622
2,616.0,0.91,0.7537
2,617.0,0.91,0.7441
2,620.0,0.91,0.5244
2,625.0,0.92,0.6665
2,626.0,0.92,0.478
2,630.0,0.93,0.6188
2,631.0,0.93,0.6089
2,635.0,0.93,0.5696
2,636.0,0.94,0.5607
2,637.0,0.94,0.5508
2,639.0,0.94,0.5308
2,640.0,0.94,0.3682
2,641.0,0.94,0.5117
2,642.0,0.94,0.5017
2,643.0,0.95,0.4917
2,644.0,0.95,0.4824
2,645.0,0.95,0.3374
2,646.0,0.95,0.4629
2,647.0,0.95,0.3193
2,648.0,0.95,0.3147
2,649.0,0.96,0.3081
2,650.0,0.96,0.3027
2,651.0,0.96,0.2959
2,652.0,0.96,0.2888
2,653.0,0.96,0.2817
2,654.0,0.96,0.2759
2,655.0,0.96,0.271
2,656.0,0.97,0.2659
2,657.0,0.97,0.2605
2,658.0,0.97,0.2537
2,659.0,0.97,0.2498
2,660.0,0.97,0.2434
2,661.0,0.97,0.2388
2,662.0,0.97,0.2335
2,663.0,0.98,0.2288
2,664.0,0.98,0.2243
2,665.0,0.98,0.22
2,666.0,0.98,0.2172
2,667.0,0.98,0.2122
2,668.0,0.98,0.2073
2,669.0,0.98,0.2023
2,670.0,0.99,0.1976
2,671.0,0.99,0.1934
2,672.0,0.99,0.1882
2,673.0,0.99,0.1821
2,674.0,0.99,0.178
2,675.0,0.99,0.1736
2,676.0,0.99,0.1642
2,677.0,1.0,0.1639
2,678.0,1.0,0.1566
2,679.0,1.0,0.1508
2,680.0,1.0,0.1473
2,681.0,1.0,0.1437
2,682.0,1.0,0.1406
2,683.0,1.01,0.1376
2,684.0,1.01,0.135
2,685.0,1.01,0.1331
2,690.0,1.02,0.1268
2,695.0,1.02,0.1284
2,700.0,1.03,0.1416
2,705.0,1.04,0.1621
2,710.0,1.04,0.1895
2,715.0,1.05,0.2168
2,720.0,1.06,0.2266
2,725.0,1.07,0.25
3,575.0,0.85,0.665
3,580.0,0.85,0.8479
3,625.0,0.92,0.5857
3,630.0,0.93,0.5439
3,635.0,0.93,0.5017
3,640.0,0.94,0.4606
3,642.0,0.94,0.4439
3,643.0,0.95,0.4357
3,645.0,0.95,0.4194
3,646.0,0.95,0.4111
3,648.0,0.95,0.3953
3,650.0,0.96,0.2849
3,653.0,0.96,0.2698
3,654.0,0.96,0.2647
3,655.0,0.96,0.2593
3,656.0,0.97,0.2546
3,657.0,0.97,0.2505
3,658.0,0.97,0.2454
3,659.0,0.97,0.2399
3,660.0,0.97,0.2356
3,661.0,0.97,0.2317
3,662.0,0.97,0.2286
3,663.0,0.98,0.2233
3,664.0,0.98,0.2194
3,665.0,0.98,0.215
3,666.0,0.98,0.2112
3,667.0,0.98,0.2074
3,668.0,0.98,0.2035
3,669.0,0.98,0.1995
3,670.0,0.99,0.1917
3,671.0,0.99,0.1918
3,672.0,0.99,0.1859
3,673.0,0.99,0.1823
3,674.0,0.99,0.1786
3,675.0,0.99,0.1751
3,676.0,0.99,0.1712
3,677.0,1.0,0.1644
3,678.0,1.0,0.1596
3,679.0,1.0,0.155
3,680.0,1.0,0.1516
3,681.0,1.0,0.1484
3,682.0,1.0,0.1452
3,683.0,1.01,0.1422
3,684.0,1.01,0.1392
3,685.0,1.01,0.1365
3,690.0,1.02,0.1272
3,695.0,1.02,0.1245
3,700.0,1.03,0.127
3,705.0,1.04,0.1406
3,710.0,1.04,0.1641
3,745.0,1.1,0.2969
3,755.0,1.11,0.3359
3,770.0,1.13,0.3906
4,600.0,0.88,0.501
4,620.0,0.91,0.5686
4,625.0,0.92,0.5313
4,630.0,0.93,0.4943
4,635.0,0.93,0.4575
4,639.0,0.94,0.4288
4,640.0,0.94,0.4216
4,643.0,0.95,0.4003
4,644.0,0.95,0.3934
4,645.0,0.95,0.3001
4,646.0,0.95,0.3796
4,648.0,0.95,0.2854
4,649.0,0.96,0.2783
4,650.0,0.96,0.2754
4,652.0,0.96,0.2664
4,654.0,0.96,0.2575
4,655.0,0.96,0.252
4,656.0,0.97,0.249
4,657.0,0.97,0.2445
4,658.0,0.97,0.241
4,659.0,0.97,0.2358
4,660.0,0.97,0.2318
4,661.0,0.97,0.229
4,662.0,0.97,0.2253
4,663.0,0.98,0.2212
4,664.0,0.98,0.2173
4,665.0,0.98,0.2134
4,666.0,0.98,0.2083
4,667.0,0.98,0.2058
4,668.0,0.98,0.2031
4,669.0,0.98,0.1992
4,670.0,0.99,0.1936
4,671.0,0.99,0.1901
4,672.0,0.99,0.1868
4,673.0,0.99,0.1835
4,674.0,0.99,0.181
4,675.0,0.99,0.1774
4,676.0,0.99,0.1721
4,677.0,1.0,0.1673
4,678.0,1.0,0.164
4,679.0,1.0,0.1585
4,680.0,1.0,0.1555
4,681.0,1.0,0.1521
4,682.0,1.0,0.1492
4,683.0,1.01,0.1464
4,684.0,1.01,0.1437
4,685.0,1.01,0.1412
4,690.0,1.02,0.1306
4,695.0,1.02,0.1245
4,700.0,1.03,0.1231
4,705.0,1.04,0.1318
4,710.0,1.04,0.1465
4,715.0,1.05,0.168
4,720.0,1.06,0.1875
4,730.0,1.07,0.2266
4,740.0,1.09,0.25
4,750.0,1.1,0.2852
4,755.0,1.11,0.3008
