scenario,strategy,benchmark,metric,value_a,value_b,diff,ci_low,ci_high,p_value,significant
base,no_hedge,delta,mean_pnl,-0.3539035573772148,-0.18369925094406858,-0.1702043064331462,-0.5686755238921597,0.20992286785376207,0.389,False
base,no_hedge,delta,std_pnl,4.3789731710697435,1.0031608253756426,3.3758123456941007,2.9681504076691434,3.7638838935847967,0.0,True
base,no_hedge,delta,sharpe,-0.08081884577766421,-0.1831204392130053,0.10230159343534109,-0.002791821501734158,0.2121603048114544,0.055,False
base,no_hedge,delta,var_95,-9.554631087802242,-1.9175979372953336,-7.637033150506909,-8.8529359746966,-5.908096544778234,0.0,True
base,no_hedge,delta,cvar_95,-12.522783213798272,-2.449230550973834,-10.073552662824438,-11.557322125414913,-8.345757843011802,0.0,True
base,no_hedge,delta,max_loss,-19.409420167903427,-4.276265362251706,-15.13315480565172,-16.678749646392554,-11.470505777170665,0.0,True
base,no_hedge,delta,pct_loss,0.37555555555555553,0.5533333333333333,-0.1777777777777778,-0.23333333333333334,-0.12222222222222218,0.0,True
base,random,delta,mean_pnl,-2.5377758735956126,-0.18369925094406858,-2.354076622651544,-2.910742069075709,-1.8053855907837792,0.0,True
base,random,delta,std_pnl,6.088798136077139,1.0031608253756426,5.085637310701496,4.567585369203589,5.623338541129657,0.0,True
base,random,delta,sharpe,-0.41679422061291044,-0.1831204392130053,-0.23367378139990513,-0.3483325878988808,-0.1200188883631611,0.0002,True
base,random,delta,var_95,-13.559470908073573,-1.9175979372953336,-11.64187297077824,-12.854870966933419,-9.573356549722199,0.0,True
base,random,delta,cvar_95,-18.17046019344108,-2.449230550973834,-15.721229642467247,-18.171338608768846,-13.155852941317164,0.0,True
base,random,delta,max_loss,-31.829427305676568,-4.276265362251706,-27.55316194342486,-29.098756784165694,-17.05312120122303,0.0,True
base,random,delta,pct_loss,0.6422222222222222,0.5533333333333333,0.0888888888888889,0.026666666666666727,0.14888888888888896,0.0042,True
base,whalley_wilmott,delta,mean_pnl,-0.18253398659138712,-0.18369925094406858,0.0011652643526814666,-0.1571867973183651,0.15682346269227634,0.9916,False
base,whalley_wilmott,delta,std_pnl,1.9629194054490176,1.0031608253756426,0.959758580073375,0.8565136217254892,1.0579959036321935,0.0,True
base,whalley_wilmott,delta,sharpe,-0.09299107547904265,-0.1831204392130053,0.09012936373396266,0.0011503566199817597,0.18160064926386962,0.0468,True
base,whalley_wilmott,delta,var_95,-3.5963774934932338,-1.9175979372953336,-1.6787795561979002,-1.9049595520165532,-1.298386035229226,0.0,True
base,whalley_wilmott,delta,cvar_95,-4.085995938938779,-2.449230550973834,-1.6367653879649446,-1.9750767030539136,-1.2621842361776219,0.0,True
base,whalley_wilmott,delta,max_loss,-4.856063142993179,-4.276265362251706,-0.5797977807414725,-2.1253926214823053,-0.33593989615326336,0.0016,True
base,whalley_wilmott,delta,pct_loss,0.48444444444444446,0.5533333333333333,-0.06888888888888889,-0.12,-0.015555555555555656,0.01,True
base,ppo,delta,mean_pnl,-0.1751244666192315,-0.18369925094406858,0.008574784324837076,-0.057068359062381536,0.07457105033766917,0.8038,False
base,ppo,delta,std_pnl,1.1988779471099211,1.0031608253756426,0.19571712173427858,0.13641622396146316,0.25684898274882406,0.0,True
base,ppo,delta,sharpe,-0.14607364080838742,-0.1831204392130053,0.03704679840461789,-0.019619284322614478,0.09508666104936087,0.189,False
base,ppo,delta,var_95,-2.3229954084979014,-1.9175979372953336,-0.40539747120256786,-0.6081484279830265,-0.11418193314062863,0.008,True
base,ppo,delta,cvar_95,-2.9495616731304057,-2.449230550973834,-0.5003311221565716,-0.772421268558628,-0.22925011055245875,0.0002,True
base,ppo,delta,max_loss,-4.423655667678631,-4.276265362251706,-0.14739030542692433,-0.932495854123836,-0.14739030542692433,0.0,True
base,ppo,delta,pct_loss,0.5288888888888889,0.5533333333333333,-0.02444444444444449,-0.06444444444444442,0.01333333333333342,0.2464,False
base,sac,delta,mean_pnl,-0.337701696218132,-0.18369925094406858,-0.15400244527406343,-0.2863721440351467,-0.02565119272969961,0.0194,True
base,sac,delta,std_pnl,1.7355207357010811,1.0031608253756426,0.7323599103254386,0.5907537312015296,0.8834846566944102,0.0,True
base,sac,delta,sharpe,-0.19458234596183838,-0.1831204392130053,-0.011461906748833073,-0.09148906316035162,0.07053415946449061,0.7768,False
base,sac,delta,var_95,-3.336584076577955,-1.9175979372953336,-1.4189861392826213,-2.117424279388123,-0.9995372218474934,0.0,True
base,sac,delta,cvar_95,-4.710407241949137,-2.449230550973834,-2.261176690975303,-2.983450871855673,-1.5558025544176584,0.0,True
base,sac,delta,max_loss,-9.756837031505711,-4.276265362251706,-5.4805716692540045,-7.026166509994837,-1.4022463688581048,0.0,True
base,sac,delta,pct_loss,0.54,0.5533333333333333,-0.013333333333333308,-0.06444444444444442,0.039999999999999925,0.6476,False
high_tc,no_hedge,delta,mean_pnl,-0.3539035573772148,-2.220261047845504,1.866357490468289,1.4454628797735387,2.265239811585146,0.0,True
high_tc,no_hedge,delta,std_pnl,4.3789731710697435,1.1077972414049948,3.2711759296647487,2.8468833431416503,3.672963116657674,0.0,True
high_tc,no_hedge,delta,sharpe,-0.08081884577766421,-2.0042124721574464,1.9233936263797822,1.7562240630666526,2.107807271128371,0.0,True
high_tc,no_hedge,delta,var_95,-9.554631087802242,-4.224856081856184,-5.3297750059460585,-6.707376958632136,-3.6706785483288433,0.0,True
high_tc,no_hedge,delta,cvar_95,-12.522783213798272,-4.918171276967226,-7.604611936831046,-9.174234638216516,-5.831833051967661,0.0,True
high_tc,no_hedge,delta,max_loss,-19.409420167903427,-8.178474242572548,-11.230945925330879,-13.926305160357082,-7.568296896849823,0.0,True
high_tc,no_hedge,delta,pct_loss,0.37555555555555553,0.9911111111111112,-0.6155555555555556,-0.6622222222222222,-0.568888888888889,0.0,True
high_tc,random,delta,mean_pnl,-20.648962154248505,-2.220261047845504,-18.428701106403,-19.08480512131114,-17.779057868987632,0.0,True
high_tc,random,delta,std_pnl,7.0532324433965075,1.1077972414049948,5.945435201991513,5.361221995260465,6.54893011431389,0.0,True
high_tc,random,delta,sharpe,-2.927588495056733,-2.0042124721574464,-0.9233760228992867,-1.2068832766623732,-0.6465030804603464,0.0,True
high_tc,random,delta,var_95,-32.291585303434545,-4.224856081856184,-28.06672922157836,-31.623046003293954,-27.282862084506583,0.0,True
high_tc,random,delta,cvar_95,-37.8600423064485,-4.918171276967226,-32.94187102948127,-35.745360256596214,-30.110613362397633,0.0,True
high_tc,random,delta,max_loss,-55.79526924745482,-8.178474242572548,-47.61679500488227,-50.31215423990847,-31.91285218922596,0.0,True
high_tc,random,delta,pct_loss,1.0,0.9911111111111112,0.008888888888888835,0.0022222222222222365,0.01777777777777778,0.0344,True
high_tc,whalley_wilmott,delta,mean_pnl,-0.7470738655598671,-2.220261047845504,1.4731871822856366,1.1201592219397067,1.8240757347863208,0.0,True
high_tc,whalley_wilmott,delta,std_pnl,3.7496395712974526,1.1077972414049948,2.641842329892458,2.4483832567110184,2.825554103026361,0.0,True
high_tc,whalley_wilmott,delta,sharpe,-0.19923884718908172,-2.0042124721574464,1.8049736249683646,1.6366055132186659,1.9863604492765157,0.0,True
high_tc,whalley_wilmott,delta,var_95,-7.374925277759153,-4.224856081856184,-3.1500691959029687,-3.6679791110394024,-2.4229805689172017,0.0,True
high_tc,whalley_wilmott,delta,cvar_95,-8.019454756964874,-4.918171276967226,-3.1012834799976483,-3.640135445758927,-2.4707133691486307,0.0,True
high_tc,whalley_wilmott,delta,max_loss,-9.441953421852674,-8.178474242572548,-1.2634791792801252,-3.958838414306329,-0.3217539879326665,0.0002,True
high_tc,whalley_wilmott,delta,pct_loss,0.46444444444444444,0.9911111111111112,-0.5266666666666667,-0.5733333333333334,-0.4800000000000001,0.0,True
high_tc,ppo,delta,mean_pnl,-2.184794965878324,-2.220261047845504,0.03546608196717971,-0.03774025476248011,0.10832911040594337,0.3434,False
high_tc,ppo,delta,std_pnl,1.4653716334801201,1.1077972414049948,0.3575743920751253,0.2936477042265267,0.4232381974653048,0.0,True
high_tc,ppo,delta,sharpe,-1.4909494055713641,-2.0042124721574464,0.5132630665860822,0.40487842651442546,0.6333839158388104,0.0,True
high_tc,ppo,delta,var_95,-4.78552412325112,-4.224856081856184,-0.5606680413949361,-0.8700143617151257,-0.3643093487303022,0.0,True
high_tc,ppo,delta,cvar_95,-5.5051966042551115,-4.918171276967226,-0.5870253272878854,-0.8895458683849831,-0.3006964350338567,0.0002,True
high_tc,ppo,delta,max_loss,-8.360508244128638,-8.178474242572548,-0.18203400155609017,-0.9725244075250865,-0.09677195493073754,0.0224,True
high_tc,ppo,delta,pct_loss,0.94,0.9911111111111112,-0.05111111111111122,-0.07333333333333325,-0.0311111111111112,0.0,True
high_tc,sac,delta,mean_pnl,-3.3863564818355796,-2.220261047845504,-1.1660954339900758,-1.364533919094793,-0.9723832052572289,0.0,True
high_tc,sac,delta,std_pnl,2.416796028954238,1.1077972414049948,1.308998787549243,1.1330350496229757,1.4958335501048516,0.0,True
high_tc,sac,delta,sharpe,-1.401175954141598,-2.0042124721574464,0.6030365180158483,0.43738354445204813,0.7789171936982416,0.0,True
high_tc,sac,delta,var_95,-7.800130199915746,-4.224856081856184,-3.5752741180595624,-4.1744447939878775,-2.9456803432534695,0.0,True
high_tc,sac,delta,cvar_95,-8.941607921078887,-4.918171276967226,-4.023436644111661,-4.89049353416504,-3.1890924395076423,0.0,True
high_tc,sac,delta,max_loss,-14.367360640459395,-8.178474242572548,-6.188886397886847,-8.88424563291305,-1.6121388872748383,0.0,True
high_tc,sac,delta,pct_loss,0.9511111111111111,0.9911111111111112,-0.040000000000000036,-0.06000000000000005,-0.022222222222222143,0.0,True
vol_mismatch,no_hedge,delta,mean_pnl,-1.7681872945053627,-1.6381089653193541,-0.1300783291860086,-0.7603445487299435,0.4679393650356718,0.6732,False
vol_mismatch,no_hedge,delta,std_pnl,6.587749449092356,1.6415024132628613,4.9462470358294945,4.281892132651455,5.581829885167231,0.0,True
vol_mismatch,no_hedge,delta,sharpe,-0.2684053648623475,-0.9979327182731569,0.7295273534108093,0.6191270303667922,0.8496832448227416,0.0,True
vol_mismatch,no_hedge,delta,var_95,-15.7335618967147,-4.4970057935508105,-11.23655610316389,-13.249822910562743,-8.488932338603592,0.0,True
vol_mismatch,no_hedge,delta,cvar_95,-20.48451192046009,-5.6853038680967805,-14.799208052363308,-17.273330313495904,-11.971991017831156,0.0,True
vol_mismatch,no_hedge,delta,max_loss,-31.6656593453855,-9.82891617025983,-21.83674317512567,-25.237916922346322,-15.837350323684156,0.0,True
vol_mismatch,no_hedge,delta,pct_loss,0.42444444444444446,0.8444444444444444,-0.42,-0.4733333333333334,-0.36666666666666664,0.0,True
vol_mismatch,random,delta,mean_pnl,-4.03543481255882,-1.6381089653193541,-2.3973258472394656,-3.258052164093221,-1.5591633998273358,0.0,True
vol_mismatch,random,delta,std_pnl,9.167592793684312,1.6415024132628613,7.526090380421451,6.695641274198172,8.386472515765375,0.0,True
vol_mismatch,random,delta,sharpe,-0.4401847795136461,-0.9979327182731569,0.5577479387595108,0.43627904169320386,0.6844772856585712,0.0,True
vol_mismatch,random,delta,var_95,-20.654120139997477,-4.4970057935508105,-16.15711434644667,-18.347202702444754,-12.886309770034032,0.0,True
vol_mismatch,random,delta,cvar_95,-28.05759509037067,-5.6853038680967805,-22.372291222273887,-26.355322272336604,-18.23779978147004,0.0,True
vol_mismatch,random,delta,max_loss,-49.66998285232691,-9.82891617025983,-39.84106668206708,-43.24224042928773,-23.30718586170537,0.0,True
vol_mismatch,random,delta,pct_loss,0.6533333333333333,0.8444444444444444,-0.19111111111111112,-0.24222222222222223,-0.13777777777777778,0.0,True
vol_mismatch,whalley_wilmott,delta,mean_pnl,-1.589601678527842,-1.6381089653193541,0.04850728679151217,-0.15071819544188417,0.2441979918428404,0.648,False
vol_mismatch,whalley_wilmott,delta,std_pnl,2.4666441382241464,1.6415024132628613,0.8251417249612851,0.641980952370935,1.0024037108509138,0.0,True
vol_mismatch,whalley_wilmott,delta,sharpe,-0.6444389986762628,-0.9979327182731569,0.35349371959689413,0.2545609946489329,0.4560348329995127,0.0,True
vol_mismatch,whalley_wilmott,delta,var_95,-5.4777385862826815,-4.4970057935508105,-0.980732792731871,-1.606589547755448,-0.37264208110505276,0.0078,True
vol_mismatch,whalley_wilmott,delta,cvar_95,-6.676926727449743,-5.6853038680967805,-0.9916228593529626,-1.9180230732334411,-0.0790354479755731,0.0366,True
vol_mismatch,whalley_wilmott,delta,max_loss,-10.45759723514017,-9.82891617025983,-0.6286810648803396,-4.029854812100993,2.1062085900575553,0.4716,False
vol_mismatch,whalley_wilmott,delta,pct_loss,0.6777777777777778,0.8444444444444444,-0.16666666666666663,-0.21111111111111114,-0.12222222222222212,0.0,True
vol_mismatch,ppo,delta,mean_pnl,-1.6354793349545096,-1.6381089653193541,0.0026296303648445374,-0.11296408198853647,0.12054962769920716,0.9708,False
vol_mismatch,ppo,delta,std_pnl,2.1442055831074276,1.6415024132628613,0.5027031698445663,0.39954618042889445,0.6128467761960152,0.0,True
vol_mismatch,ppo,delta,sharpe,-0.7627437162925109,-0.9979327182731569,0.23518900198064596,0.16114908544334014,0.3182199050712259,0.0,True
vol_mismatch,ppo,delta,var_95,-5.572319890580965,-4.4970057935508105,-1.0753140970301542,-1.5308480097745711,-0.6023109039765816,0.0002,True
vol_mismatch,ppo,delta,cvar_95,-6.592621283034482,-5.6853038680967805,-0.9073174149377019,-1.338582168780837,-0.4957412474775865,0.0,True
vol_mismatch,ppo,delta,max_loss,-10.172936166601133,-9.82891617025983,-0.3440199963413022,-1.9783920122476442,0.13848011827596451,0.1658,False
vol_mismatch,ppo,delta,pct_loss,0.7955555555555556,0.8444444444444444,-0.04888888888888887,-0.0822222222222222,-0.015555555555555545,0.0044,True
vol_mismatch,sac,delta,mean_pnl,-1.8305861944195159,-1.6381089653193541,-0.19247722910016174,-0.41524150266685905,0.02638198955556052,0.0844,False
vol_mismatch,sac,delta,std_pnl,2.829696236478992,1.6415024132628613,1.1881938232161309,0.9514222089190092,1.431340695992181,0.0,True
vol_mismatch,sac,delta,sharpe,-0.6469196837528134,-0.9979327182731569,0.3510130345203435,0.24601935066000513,0.4613431486576524,0.0,True
vol_mismatch,sac,delta,var_95,-7.1710802212449245,-4.4970057935508105,-2.674074427694114,-3.3451578377454783,-1.95112603525351,0.0,True
vol_mismatch,sac,delta,cvar_95,-8.75356652109161,-5.6853038680967805,-3.0682626529948296,-4.1258393339627455,-2.0537630328421126,0.0,True
vol_mismatch,sac,delta,max_loss,-13.126627996756866,-9.82891617025983,-3.2977118264970358,-6.698885573717689,0.2527946349665342,0.0648,False
vol_mismatch,sac,delta,pct_loss,0.7377777777777778,0.8444444444444444,-0.10666666666666669,-0.15333333333333332,-0.06000000000000005,0.0,True
regime_switch,no_hedge,delta,mean_pnl,-1.243952129432267,-1.038472348345431,-0.20547978108683607,-0.7662459304217752,0.32623242012421044,0.4586,False
regime_switch,no_hedge,delta,std_pnl,5.812370933576971,1.7237009655216788,4.088669968055292,3.426435905535347,4.74741635884464,0.0,True
regime_switch,no_hedge,delta,sharpe,-0.21401802184478458,-0.6024666511868761,0.38844862934209157,0.2894844424102572,0.49476273970030227,0.0,True
regime_switch,no_hedge,delta,var_95,-12.952025854184237,-4.271975635857983,-8.680050218326254,-10.431477406305673,-6.864823782140716,0.0,True
regime_switch,no_hedge,delta,cvar_95,-18.18004655370782,-5.330890726986948,-12.849155826720875,-15.799564785007355,-9.87578088564754,0.0,True
regime_switch,no_hedge,delta,max_loss,-31.571403049049188,-8.040860778205172,-23.530542270844016,-25.199893999104244,-14.54659828299446,0.0,True
regime_switch,no_hedge,delta,pct_loss,0.41333333333333333,0.7133333333333334,-0.30000000000000004,-0.35555555555555557,-0.2444444444444444,0.0,True
regime_switch,random,delta,mean_pnl,-3.3359331457051713,-1.038472348345431,-2.29746079735974,-3.072686280538651,-1.5732571901883434,0.0,True
regime_switch,random,delta,std_pnl,8.137691828828505,1.7237009655216788,6.413990863306826,5.597077365684192,7.241476293853863,0.0,True
regime_switch,random,delta,sharpe,-0.40993603786854255,-0.6024666511868761,0.1925306133183336,0.08211367480775777,0.30544346036471604,0.0002,True
regime_switch,random,delta,var_95,-17.755400424573256,-4.271975635857983,-13.483424788715274,-15.677900155345394,-11.360794118860142,0.0,True
regime_switch,random,delta,cvar_95,-24.765172370616167,-5.330890726986948,-19.43428164362922,-23.45156550671183,-15.478456304307063,0.0,True
regime_switch,random,delta,max_loss,-45.868451773058695,-8.040860778205172,-37.82759099485352,-39.496942723113754,-23.39850958000928,0.0,True
regime_switch,random,delta,pct_loss,0.64,0.7133333333333334,-0.07333333333333336,-0.1333333333333333,-0.013333333333333308,0.017,True
regime_switch,whalley_wilmott,delta,mean_pnl,-0.9794306256609763,-1.038472348345431,0.059041722684454734,-0.1377591972091669,0.2472209413626168,0.5562,False
regime_switch,whalley_wilmott,delta,std_pnl,2.462447377780648,1.7237009655216788,0.7387464122589693,0.5657838525997959,0.9119951210455447,0.0,True
regime_switch,whalley_wilmott,delta,sharpe,-0.39774682476411594,-0.6024666511868761,0.2047198264227602,0.12524688898592515,0.2856200971129143,0.0,True
regime_switch,whalley_wilmott,delta,var_95,-4.896713781649415,-4.271975635857983,-0.624738145791432,-1.2790726054444583,-0.21238751268133563,0.0058,True
regime_switch,whalley_wilmott,delta,cvar_95,-6.343881871965153,-5.330890726986948,-1.012991144978205,-1.9283606277612175,-0.10583779660199995,0.0266,True
regime_switch,whalley_wilmott,delta,max_loss,-11.860186605506598,-8.040860778205172,-3.8193258273014266,-5.267788646853067,-0.11732170637755246,0.0328,True
regime_switch,whalley_wilmott,delta,pct_loss,0.5822222222222222,0.7133333333333334,-0.13111111111111118,-0.18000000000000005,-0.08222222222222231,0.0,True
regime_switch,ppo,delta,mean_pnl,-0.985551143344238,-1.038472348345431,0.05292120500119302,-0.043188264355995806,0.15675097499432777,0.2918,False
regime_switch,ppo,delta,std_pnl,2.188389144598757,1.7237009655216788,0.46468817907707805,0.33767047946763235,0.5990422917583226,0.0,True
regime_switch,ppo,delta,sharpe,-0.4503546116451513,-0.6024666511868761,0.15211203954172486,0.09671469809487408,0.2141679503498802,0.0,True
regime_switch,ppo,delta,var_95,-5.23976355523448,-4.271975635857983,-0.9677879193764971,-1.3867985704854875,-0.46024329849072365,0.0004,True
regime_switch,ppo,delta,cvar_95,-6.631753659184104,-5.330890726986948,-1.3008629321971563,-1.797312935091929,-0.8104398150204927,0.0,True
regime_switch,ppo,delta,max_loss,-9.787257102072719,-8.040860778205172,-1.7463963238675468,-3.4157480521277757,-0.08847777606517582,0.0234,True
regime_switch,ppo,delta,pct_loss,0.6288888888888889,0.7133333333333334,-0.08444444444444443,-0.12,-0.05111111111111111,0.0,True
regime_switch,sac,delta,mean_pnl,-1.4073037848878953,-1.038472348345431,-0.3688314365424643,-0.5629817127636016,-0.17733802274066243,0.0006,True
regime_switch,sac,delta,std_pnl,2.838043136160176,1.7237009655216788,1.114342170638497,0.9241852072084141,1.30684998539436,0.0,True
regime_switch,sac,delta,sharpe,-0.49587117509142353,-0.6024666511868761,0.10659547609545261,0.03327574955552899,0.18285988863443497,0.0034,True
regime_switch,sac,delta,var_95,-6.638557715301301,-4.271975635857983,-2.3665820794433188,-3.4836927375558617,-1.7910261220972048,0.0,True
regime_switch,sac,delta,cvar_95,-8.382281881404861,-5.330890726986948,-3.051391154417913,-3.850460066640141,-2.2169004743367604,0.0,True
regime_switch,sac,delta,max_loss,-11.719836223416351,-8.040860778205172,-3.6789754452111794,-5.348327173471408,-0.9201171057500801,0.0,True
regime_switch,sac,delta,pct_loss,0.6511111111111111,0.7133333333333334,-0.06222222222222229,-0.10666666666666669,-0.020000000000000018,0.0056,True
